Country Name,Country Code,Indicator Name,Indicator Code,2000,2001,2002,2003,2004,2005,2006,2007,2008,2009,2010,2011,2012,2013,2014,2015,2016,2017,2018,2019,2020,2021,2022,2023
Aruba,ABW,GDP growth (annual %),NY.GDP.MKTP.KD.ZG,7.622920649,4.18200163,-0.944953481,1.110504599,7.293728071,-0.383137672,1.127411464,3.089544385,1.835755172,-11.67774137,-2.733456793,3.369237184,-1.040799884,6.431482604,-1.586575138,-0.623625902,1.71962498,7.048533386,2.397085276,-2.232440392,-26.21182078,24.13262736,8.517918105,4.263719415
Africa Eastern and Southern,AFE,GDP growth (annual %),NY.GDP.MKTP.KD.ZG,3.214946099,3.505726469,3.836077993,2.956241262,5.555396855,6.163380043,6.577873718,6.647020995,4.368186685,0.870983964,5.231635802,4.064941366,1.746871185,4.341457845,3.992862552,3.004936899,2.194760891,2.684543054,2.666631828,2.194318527,-2.864292511,4.576392802,3.553878364,2.320137802
Afghanistan,AFG,GDP growth (annual %),NY.GDP.MKTP.KD.ZG,,-9.43197407,28.60000117,8.832277803,1.414117993,11.22971483,5.357403247,13.82631955,3.92498382,21.39052839,14.36244147,0.426354777,12.75228709,5.600744659,2.724543362,1.451314661,2.260314203,2.647003203,1.189228129,3.911603416,-2.351100672,-20.73883937,-6.240171992,2.710886791
Africa Western and Central,AFW,GDP growth (annual %),NY.GDP.MKTP.KD.ZG,3.868479413,5.172056042,9.974801834,5.545940594,7.987541626,5.823984126,5.371145727,5.530762586,6.278629231,6.271878282,6.96952404,4.853027842,5.168218837,6.160028843,5.920022961,2.720364536,0.160782097,2.28981038,2.844755417,3.232902512,-1.00399404,4.037629514,3.789679846,3.354732819
Angola,AGO,GDP growth (annual %),NY.GDP.MKTP.KD.ZG,3.054624234,4.205998556,13.66568876,2.99,10.95000001,15.02999999,11.55,14.01000001,11.16999999,0.860000002,4.398375938,3.472053148,8.542107076,4.954613031,4.82255927,0.943571561,-2.580049644,-0.147212941,-1.316361689,-0.702272958,-5.638214717,1.199210521,3.044726524,1.00128936
Albania,ALB,GDP growth (annual %),NY.GDP.MKTP.KD.ZG,6.946216592,8.293312631,4.53652416,5.528637465,5.514667911,5.526424247,5.902659036,5.983259519,7.50004143,3.35428935,3.706938153,2.545406145,1.4172428,1.002017541,1.774448853,2.218726375,3.314980684,3.80259872,4.019345617,2.06256754,-3.313716147,8.969553392,4.826688314,3.936625257
Andorra,AND,GDP growth (annual %),NY.GDP.MKTP.KD.ZG,3.528362361,8.119357722,4.546362214,8.694203716,8.135676338,5.397795985,4.808688699,1.553188141,-5.559186369,-5.302846543,-1.974958,-0.008069753,-4.974443719,-3.547596515,2.504465521,1.434140395,3.70967807,0.34607189,1.58876549,2.015547638,-11.18393994,8.28677879,9.564612256,2.58355481
Arab World,ARB,GDP growth (annual %),NY.GDP.MKTP.KD.ZG,6.354123171,2.103103222,1.22934164,4.28125391,9.076592829,5.569287093,6.295488541,4.609900391,5.565642708,0.649051133,4.836465321,3.569351213,5.002705661,2.550328132,2.522351465,3.243988903,3.614306799,1.537753314,2.630040035,1.583714664,-4.711784243,4.031106353,5.721433109,1.020751343
United Arab Emirates,ARE,GDP growth (annual %),NY.GDP.MKTP.KD.ZG,10.85270422,1.399085037,2.433456811,8.800540814,9.566436638,4.855141196,9.837319769,3.184390173,3.191836273,-5.242921904,1.602850048,6.216121813,1.824480789,5.055559654,4.165691843,6.786772879,5.561490755,0.735068713,1.313913881,1.108348139,-4.957052437,4.354755299,7.509697032,3.618706535
Argentina,ARG,GDP growth (annual %),NY.GDP.MKTP.KD.ZG,-0.788998939,-4.408839683,-10.89448483,8.837040796,9.029573301,8.85165992,8.0471515,9.007650875,4.057233103,-5.918525076,10.12539816,6.003951693,-1.026420454,2.405323781,-2.512615321,2.731159828,-2.080327844,2.818502978,-2.617396463,-2.000861003,-9.900484814,10.44181199,5.269879674,-1.611001621
Armenia,ARM,GDP growth (annual %),NY.GDP.MKTP.KD.ZG,5.900000003,9.599999999,13.2,14,10.5,13.9,13.2,13.7,6.9,-14.1,2.2,4.699999999,7.200000001,3.3,3.600000001,3.199999999,0.2,7.500000002,5.2,7.599999999,-7.199999999,5.800000001,12.6,8.3
American Samoa,ASM,GDP growth (annual %),NY.GDP.MKTP.KD.ZG,,,,0.965517241,0.409836066,-0.408163265,-4.098360656,1.851851852,-2.657342657,-4.166666667,0.299850075,0,-4.334828102,-2.5,1.762820513,3.149606299,-1.679389313,-6.98757764,2.671118531,-0.487804878,4.411764706,-0.782472613,1.735015773,
Antigua and Barbuda,ATG,GDP growth (annual %),NY.GDP.MKTP.KD.ZG,6.203491677,-4.548068042,1.027224987,6.076895997,5.766735432,6.473917198,12.70801253,9.31533051,-0.014006447,-11.96296608,-7.840430063,-1.958721811,3.372835252,-0.600715512,2.211452513,1.445155299,4.099765539,2.463333366,6.953186092,3.10044515,-18.8803992,8.191718462,9.516395644,3.862012187
Australia,AUS,GDP growth (annual %),NY.GDP.MKTP.KD.ZG,3.921502931,2.025105535,3.979585681,3.090761905,4.224284814,3.154167532,2.755346106,3.773321713,3.586266952,1.892555819,2.219980265,2.407080183,3.916709425,2.602193394,2.595284116,2.190169287,2.759385972,2.279591798,2.878469715,2.171545057,-0.119590736,2.111168148,4.242385553,3.4419922
Austria,AUT,GDP growth (annual %),NY.GDP.MKTP.KD.ZG,3.189522679,1.316987609,1.484368978,1.141565015,2.565255093,2.320365267,3.269336106,3.775224616,1.453305598,-3.586264779,1.80898267,2.927467908,0.628246179,-0.250726546,0.755799077,1.303523098,2.117219671,2.27225012,2.484220867,1.754976456,-6.318255287,4.795329106,5.277894212,-0.954962367
Azerbaijan,AZE,GDP growth (annual %),NY.GDP.MKTP.KD.ZG,11.09999914,9.899999865,9.438916269,10.2082994,9.253801797,27.96153811,34.5,24.99999985,10.75897806,9.296363744,5.048944513,0.100000138,2.165239475,5.809800843,2.750506815,1.093975916,-3.09999988,0.199999939,1.5,2.500000067,-4.300000102,5.616451029,4.714802365,1.123974327
Burundi,BDI,GDP growth (annual %),NY.GDP.MKTP.KD.ZG,-0.856864058,2.055807108,4.446519412,-1.22372796,4.833657768,0.900000001,5.413807145,3.451948564,4.861716367,3.812745366,5.124159994,4.032599988,4.446706331,4.924189898,4.240650214,-3.90000008,-0.600000909,0.500001262,1.609935421,1.812565324,0.327156893,3.099999999,1.848999439,2.700000597
Belgium,BEL,GDP growth (annual %),NY.GDP.MKTP.KD.ZG,3.71670516,1.099603588,1.706894107,1.037955285,3.571206808,2.321737964,2.552340678,3.676924839,0.446904948,-1.906440894,2.710311413,1.931154979,0.215803673,0.305494479,1.765540382,1.474164386,1.19350264,1.474467657,1.877968572,2.442890066,-4.792983897,6.202554016,4.233431834,1.251700632
Benin,BEN,GDP growth (annual %),NY.GDP.MKTP.KD.ZG,5.857714205,5.333135706,4.643030871,3.443576776,4.429684554,1.713164564,3.943738828,5.986349322,4.896577084,2.319292139,2.114064726,2.963752919,4.811223316,7.191433721,6.357679098,1.77815106,3.339673426,5.671561952,6.697253622,6.865686628,3.8487924,7.155451646,6.253244914,6.352821609
Burkina Faso,BFA,GDP growth (annual %),NY.GDP.MKTP.KD.ZG,1.888473889,6.613405745,4.35296383,7.802493889,4.478452137,8.661873228,6.253164688,4.111379018,5.799991741,2.961950859,8.446281577,6.622562613,6.45267238,5.792584845,4.326845615,3.921228794,5.957976708,6.203489411,6.604569068,5.889204971,2.010772624,6.942524926,1.497239741,2.960181474
Bangladesh,BGD,GDP growth (annual %),NY.GDP.MKTP.KD.ZG,5.293294719,5.077287775,3.83312394,4.7395674,5.23953291,6.535944939,6.671904986,7.058599354,6.013789757,5.045124799,5.571788185,6.464379125,6.521458779,6.013605658,6.061059359,6.552639878,7.113478213,6.590249998,7.31941263,7.881915151,3.448017551,6.938679124,7.099828776,5.77511237
Bulgaria,BGR,GDP growth (annual %),NY.GDP.MKTP.KD.ZG,4.58722551,3.823704374,5.87193119,5.237153635,6.510425174,7.056349212,6.802588987,6.654387649,6.129558799,-3.347141367,1.555359635,2.09017527,0.748814897,-0.542751603,0.949448985,3.397553259,3.026628931,2.745926447,2.549464347,3.788850365,-3.215737434,7.780614814,4.038777583,1.886814839
Bahrain,BHR,GDP growth (annual %),NY.GDP.MKTP.KD.ZG,5.300070056,2.490948108,3.348550668,6.296441979,6.980960594,6.768997871,6.467000122,8.293960448,6.245010775,2.539885936,4.334299173,1.928157912,3.80302899,5.292622249,4.308856927,2.507872053,3.814993274,4.953835341,2.05258865,2.052877744,-5.911362952,4.350040917,5.981302822,2.980792767
"Bahamas, The",BHS,GDP growth (annual %),NY.GDP.MKTP.KD.ZG,4.148419308,2.626009827,2.704956247,-1.264916676,0.882373745,3.396084205,2.516592217,1.446099912,-2.32364807,-4.175428056,1.538662487,0.613170736,2.997903207,-2.863309257,1.847260843,0.996758611,-0.961908777,2.799518639,2.62988986,-1.357265209,-21.42346307,15.40314894,10.7820132,2.639055981
Bosnia and Herzegovina,BIH,GDP growth (annual %),NY.GDP.MKTP.KD.ZG,5.41431595,2.423313172,5.027444207,3.867138795,6.325266169,3.89717799,5.414003571,5.857126342,5.443831035,-3.00445593,0.86566926,0.959511247,-0.821836474,2.349856663,1.153851092,4.314750611,3.242255212,3.244100959,3.827499205,2.887343344,-3.015095148,7.38996234,4.226811011,2.211124472
Belarus,BLR,GDP growth (annual %),NY.GDP.MKTP.KD.ZG,5.800003361,4.72530605,5.045267505,7.043192512,11.44974306,9.400001589,9.999994721,8.600006599,10.19999947,0.199995249,7.750017066,5.549974723,1.70785257,0.998719279,1.651124685,-3.829570558,-2.526446436,2.5321835,3.149197594,1.446455477,-0.672742951,2.438862124,-4.658395916,3.886242145
Belize,BLZ,GDP growth (annual %),NY.GDP.MKTP.KD.ZG,12.24045958,4.993967755,5.397123855,9.666655654,4.780840488,2.219538842,4.511447376,3.353248291,-1.682116446,-0.389321468,1.114035787,-0.244543781,3.737775786,4.454326007,4.030845578,2.876183795,0.054551654,-1.812853541,1.11057125,4.267636896,-13.90291006,17.74617012,9.652977724,1.149016821
Bermuda,BMU,GDP growth (annual %),NY.GDP.MKTP.KD.ZG,9.317156411,7.222435538,-1.477790598,3.410706677,2.321267223,1.674206114,5.54386638,3.345139709,-1.865955826,-5.626697711,-2.502878289,-3.742744317,-5.305299107,-0.279708545,-3.701067594,0.7755297,-0.657206304,3.611419837,-0.4328013,0.306266735,-6.842869643,5.41909484,6.431133996,-0.094823593
Bolivia,BOL,GDP growth (annual %),NY.GDP.MKTP.KD.ZG,2.507810809,1.683799127,2.485565738,2.711339837,4.173295589,4.421433127,4.797008824,4.564384269,6.148497875,3.356999574,4.126722591,5.204092443,5.122275581,6.796011428,5.460569575,4.857187232,4.263920838,4.195206301,4.223623511,2.216705778,-8.737884434,6.111372752,3.605680383,3.081965241
Brazil,BRA,GDP growth (annual %),NY.GDP.MKTP.KD.ZG,4.387949447,1.389896401,3.053461859,1.140828998,5.759964637,3.202132061,3.961988711,6.069870607,5.094195447,-0.125812002,7.528225818,3.974423079,1.921175986,3.004822669,0.50395574,-3.545763393,-3.275916908,1.322869054,1.783666762,1.220777824,-3.276758796,4.762604379,3.016694354,2.908480487
Barbados,BRB,GDP growth (annual %),NY.GDP.MKTP.KD.ZG,4.447189623,-2.365464222,0.787401575,2.175480769,1.411598635,3.955457604,6.070545637,2.079183889,0.633461059,-5.017275959,-2.217710437,-0.731434559,-0.313311151,-1.010381846,0.082405478,-0.846098521,1.791930334,0.128446002,-1.174065094,0.652585418,-15.05436295,-0.25496588,17.83286303,4.09382011
Brunei Darussalam,BRN,GDP growth (annual %),NY.GDP.MKTP.KD.ZG,3.47467625,1.466060511,3.961439117,3.583428926,0.10453844,-0.003925189,4.09841261,-3.763623476,-3.900710821,-1.900253862,2.741364335,3.744406387,0.913135324,-2.124783186,-2.507887216,-0.392383488,-2.477917765,1.328726513,0.052371054,3.868844164,1.133573406,-1.590762481,-1.62833154,1.407068323
Bhutan,BTN,GDP growth (annual %),NY.GDP.MKTP.KD.ZG,3.355068386,7.328374452,10.44377954,7.786560536,5.157257256,6.935071466,5.640805265,16.10478365,4.529448692,7.667492403,11.9318739,8.489258462,5.164820108,1.736340397,5.881085491,6.66080134,8.475943355,2.086845258,3.501871837,5.755148506,-10.21839741,4.421367402,5.213867811,
Botswana,BWA,GDP growth (annual %),NY.GDP.MKTP.KD.ZG,1.987695834,0.25057395,6.069530876,4.62589475,2.705821706,4.556645653,8.363871093,5.792555777,3.252072958,-14.14423462,10.12220912,6.838529748,-0.170900761,11.10282378,5.694777382,-4.85133564,7.204424759,4.114363663,4.188093554,3.032202574,-8.728752526,11.92063651,5.486028178,2.73379817
Central African Republic,CAF,GDP growth (annual %),NY.GDP.MKTP.KD.ZG,-2.48943244,4.464739026,3.616542192,-5.397485219,5.994884228,0.908210515,4.77108543,4.607534855,2.054130962,8.587260426,4.630818432,4.194615337,5.053761254,-36.3919771,0.081070515,4.33712103,4.750316841,4.527278213,3.789443593,3.1,0.899999997,0.982919996,0.502110003,0.870251451
Canada,CAN,GDP growth (annual %),NY.GDP.MKTP.KD.ZG,5.138539186,1.875098132,2.99925535,1.806385135,3.092363835,3.210454357,2.6379438,2.049904611,0.99540631,-2.915086239,3.090806374,3.13719439,1.755661325,2.325813574,2.873466772,0.649970994,1.038550935,3.033834903,2.742963431,1.908431925,-5.038233441,5.286956891,3.819866339,1.248927304
Central Europe and the Baltics,CEB,GDP growth (annual %),NY.GDP.MKTP.KD.ZG,3.953835505,3.006651603,3.543634442,4.012611993,5.87886441,4.909186278,6.64238726,6.332298445,3.96321999,-3.607880954,1.539308059,3.595921526,0.845589815,0.646684568,3.252140177,4.006392316,2.784150368,5.121376975,5.040763788,4.005992822,-3.329068508,6.53215013,4.067238251,0.639830853
Switzerland,CHE,GDP growth (annual %),NY.GDP.MKTP.KD.ZG,3.958719719,1.575661967,-0.073217084,-0.032398477,2.70170921,2.749698985,4.07362845,3.916375818,2.807983632,-2.297374631,3.243397336,1.813108192,1.179253833,1.792144057,2.349881275,1.644627687,2.068689667,1.362799557,2.860445795,1.141982325,-2.141737207,5.391888041,2.568328178,0.716066869
Channel Islands,CHI,GDP growth (annual %),NY.GDP.MKTP.KD.ZG,,,,,,,,,,,-3.60663207,1.125042625,-5.753661743,0.493931288,2.427101949,0.374367231,1.213024612,1.806480201,1.122244681,1.573355158,-8.896779523,9.936801364,5.341961831,3.715005661
Chile,CHL,GDP growth (annual %),NY.GDP.MKTP.KD.ZG,4.971621489,3.154034924,3.20279914,4.723245267,6.674254167,5.837045715,6.049990829,5.168230987,3.789392802,-1.118037233,5.851651017,6.223896787,6.155340021,3.308508245,1.792649474,2.151942499,1.753038746,1.357695378,3.990029475,0.634367534,-6.143474792,11.33395707,2.058740081,0.218780667
China,CHN,GDP growth (annual %),NY.GDP.MKTP.KD.ZG,8.490093406,8.335733478,9.13363079,10.03803048,10.11362138,11.39459181,12.72095567,14.23086093,9.650678919,9.398725633,10.63587106,9.550832179,7.863736449,7.766150098,7.425763656,7.041328879,6.848762205,6.947200793,6.749773832,5.950500754,2.238638356,8.448469417,2.95066993,5.249557864
Cote d'Ivoire,CIV,GDP growth (annual %),NY.GDP.MKTP.KD.ZG,-0.265789462,-2.154012491,-2.730526474,-4.725866586,3.185038226,0.996065565,2.815578593,1.101429768,4.782665979,3.603321567,6.848049399,-5.37044724,7.620411765,10.76021313,9.371999942,7.194949427,7.17275964,7.410762426,4.843146059,6.721371676,0.699728593,7.063329102,6.217850913,6.2
Cameroon,CMR,GDP growth (annual %),NY.GDP.MKTP.KD.ZG,3.832417794,4.324261192,4.477026834,5.453153689,7.048862819,2.228270209,3.809583276,4.32758901,2.847677889,2.579251777,2.899024721,3.379211285,4.625978722,4.995529161,5.719818145,5.666952987,4.535794237,3.541176549,3.955514239,3.475059982,0.259932916,3.338857472,3.736784006,3.248344978
"Congo, Dem. Rep.",COD,GDP growth (annual %),NY.GDP.MKTP.KD.ZG,-6.910927317,-2.100173025,2.947765184,5.577822311,6.738373933,6.135151155,5.320979565,6.259477764,6.225894269,2.85506401,7.107976576,6.87467089,7.086898947,8.481956636,9.470288099,6.916167119,2.399398911,3.726947659,5.8211211,4.384528874,1.735422767,6.200154011,8.924447626,8.560862509
"Congo, Rep.",COG,GDP growth (annual %),NY.GDP.MKTP.KD.ZG,7.575980395,3.802601899,4.581870061,0.813264076,3.476631621,7.755758978,7.986238363,-6.613994804,6.306375956,11.63728886,9.931265431,2.205919363,9.947153143,-0.712434452,6.646065409,0.415193061,-8.685243439,-5.594773719,-2.304317801,1.12447392,-6.26777228,1.01507037,1.475356132,1.906864263
Colombia,COL,GDP growth (annual %),NY.GDP.MKTP.KD.ZG,2.924861482,1.677898308,2.503980467,3.918271903,5.333022068,4.828761108,6.716868698,6.738194691,3.283446186,1.139648645,4.494658971,6.947891982,3.912635767,5.13399352,4.499030001,2.955901375,2.087382502,1.359360868,2.564324283,3.186855392,-7.185914138,10.80119819,7.288883887,0.610409566
Comoros,COM,GDP growth (annual %),NY.GDP.MKTP.KD.ZG,10.84787862,2.332907102,2.324944861,2.103871636,1.919659807,2.83754787,2.646955476,0.800042349,3.964611189,3.240740728,3.77776675,4.143506695,3.168409869,4.466247315,2.106657589,1.147350761,3.320446562,3.815762877,3.642451138,1.760780239,-0.195556827,2.000161989,2.603010319,2.995674572
Cabo Verde,CPV,GDP growth (annual %),NY.GDP.MKTP.KD.ZG,14.28486885,2.231654545,5.25089117,4.176259326,10.19707263,6.912457957,7.983750448,15.17068797,7.039011296,-1.503586724,1.83641915,3.924718213,1.083648484,0.632136727,0.69666684,0.936026508,4.280714827,4.55131481,3.706964583,6.947826341,-20.8052759,7.033530107,15.84367568,5.475435916
Costa Rica,CRI,GDP growth (annual %),NY.GDP.MKTP.KD.ZG,3.86871809,3.491169894,3.41687639,4.317179866,4.424599597,3.976666368,7.326695433,8.215131983,4.738174878,-0.873455943,5.360343526,4.40315924,4.88259241,2.494766112,3.542109878,3.652080968,4.204323252,4.157698963,2.615904404,2.417511818,-4.273354322,7.935762247,4.55149178,5.111921832
Caribbean small states,CSS,GDP growth (annual %),NY.GDP.MKTP.KD.ZG,3.678345764,1.213787321,2.124034181,1.857770671,2.791953155,3.295455696,4.492297407,3.275705232,0.538845575,-2.65106883,0.911618409,1.67378932,2.263326268,0.094997916,1.75556127,0.21376548,0.394020894,1.863155974,2.778988927,1.055087902,-9.602316206,10.44295582,23.0676038,12.55763465
Cuba,CUB,GDP growth (annual %),NY.GDP.MKTP.KD.ZG,5.914760174,3.185029904,1.424821261,3.792740223,5.77053807,11.20165642,12.06586311,7.262136966,4.116828042,1.451305431,2.390352297,2.802300836,3.014900289,2.747602563,1.047576632,4.438333589,0.512843096,1.809791772,2.247948541,-0.163087224,-10.9490846,1.253693425,1.774853995,-1.928992112
Curacao,CUW,GDP growth (annual %),NY.GDP.MKTP.KD.ZG,,-0.695753704,0.397065217,0.288186682,0.208461073,0.676425345,1.63593469,2.469963228,2.18804308,-0.531308242,0.082306609,0.508457482,-0.348950824,-0.635696908,-0.637397373,0.458151544,-1.067708487,-1.276208101,-2.104111331,-3.206132196,-18.43847035,4.183711931,6.906,4.202
Cayman Islands,CYM,GDP growth (annual %),NY.GDP.MKTP.KD.ZG,,,,,,,,3.162625227,-0.357401201,-7.200482447,-2.715635262,1.169062198,1.229753657,1.27933102,2.654527985,2.833122226,3.239974339,3.184045923,4.267267452,3.915635342,-4.954806408,4.904929413,5.156329542,4.359675957
Cyprus,CYP,GDP growth (annual %),NY.GDP.MKTP.KD.ZG,5.965310315,3.952560541,3.722956499,2.623286123,5.026343926,4.853003838,4.713828666,5.098068453,3.646811991,-2.015262359,2.283544997,0.416712763,-3.447381424,-6.587476957,-1.776061811,3.41892299,6.573591005,5.75083246,6.271667304,5.87559123,-3.220634336,11.38776336,7.365622524,2.611900909
Czechia,CZE,GDP growth (annual %),NY.GDP.MKTP.KD.ZG,4.010669619,2.917219546,1.513459483,3.300836831,4.736339704,6.375028858,6.623172985,5.488825961,2.612268052,-4.798324168,2.714665115,1.772380837,-0.770668176,-0.041812408,2.245212186,4.95875849,2.580870147,5.173565288,2.830305894,3.565776572,-5.304879546,4.029018306,2.847170657,-0.085330276
Germany,DEU,GDP growth (annual %),NY.GDP.MKTP.KD.ZG,2.877245948,1.636541013,-0.228310249,-0.529928994,1.162368267,0.885697236,3.855736152,2.89010719,0.910403196,-5.545164538,4.146767545,3.757968866,0.474291306,0.386224576,2.169498929,1.652719772,2.294710677,2.716024519,1.116443109,0.987893349,-4.095137491,3.669999862,1.369731055,-0.26643841
Djibouti,DJI,GDP growth (annual %),NY.GDP.MKTP.KD.ZG,,,,,,,,,,,,,,,7.061543242,7.526108919,7.123432337,5.458091517,4.774416888,5.5451306,1.316363242,4.522347746,3.72857647,6.676649644
Dominica,DMA,GDP growth (annual %),NY.GDP.MKTP.KD.ZG,2.340219321,-0.06384473,-2.827998893,6.353137122,3.050690295,0.655862269,4.659455486,6.352972439,7.121057986,-1.169590643,0.6726344,-0.223550688,-1.059000243,-0.999940631,4.753786581,-2.731503063,2.763647982,-6.618994633,3.547584418,5.502483437,-16.60410952,6.890549417,5.583546263,4.712238185
Denmark,DNK,GDP growth (annual %),NY.GDP.MKTP.KD.ZG,3.724008976,0.95003228,0.456529991,0.441090995,2.776351847,2.359608833,3.816487697,0.987173788,-0.41717843,-4.974479075,1.582897021,1.310803779,-0.005432319,1.39267347,1.277999794,2.104414587,3.073045475,3.056477244,1.860007489,1.711400944,-1.780105988,7.38206629,1.540173107,2.495184331
Dominican Republic,DOM,GDP growth (annual %),NY.GDP.MKTP.KD.ZG,4.66176228,2.459516368,4.495103403,-1.345706185,2.570134279,9.428236947,9.174355406,7.415951715,3.209504262,0.946155168,8.33965106,3.133423003,2.717367897,4.875205093,7.05046369,6.927018772,6.659200263,4.666704677,6.982527585,5.05216802,-6.720239373,12.27199023,4.858324036,2.360615687
Algeria,DZA,GDP growth (annual %),NY.GDP.MKTP.KD.ZG,3.800000001,2.999999999,5.4,6.5,4.5,5.4,2.9,3.1,2.5,1.2,4.8,3,2.4,2.6,4.1,3.2,3.9,1.5,1.4,0.9,-5,3.8,3.6,4.1
East Asia & Pacific (excluding high income),EAP,GDP growth (annual %),NY.GDP.MKTP.KD.ZG,7.647767503,6.978178346,8.058850093,8.947750051,9.120066719,9.978290694,11.07853549,12.48593015,8.616451815,7.989460322,9.917956785,8.642660009,7.580791724,7.299654416,6.985937984,6.707662159,6.56660652,6.709818835,6.527937635,5.784281465,1.243677937,7.602320292,3.386209854,5.107448859
Early-demographic dividend,EAR,GDP growth (annual %),NY.GDP.MKTP.KD.ZG,4.372067491,1.137911675,1.925063785,5.170772521,6.18919942,5.88994219,6.074692596,5.70794323,3.448731,0.719539289,6.510737338,4.923261527,4.183190334,4.051906648,4.121561447,4.405667127,4.419305918,4.641299833,3.842495766,2.357443408,-4.176095459,7.408846294,5.520735698,4.313112021
East Asia & Pacific,EAS,GDP growth (annual %),NY.GDP.MKTP.KD.ZG,5.397530564,3.297543577,4.377369617,4.950018431,5.866800262,5.89977764,6.45425822,7.462725071,4.384195557,2.564243989,7.607944061,5.46232933,5.18379286,5.245845322,4.759441944,4.728501051,4.659569583,5.052708559,4.759993731,3.961914807,-0.13403868,6.220399975,2.868762261,4.104145625
Europe & Central Asia (excluding high income),ECA,GDP growth (annual %),NY.GDP.MKTP.KD.ZG,6.773462622,-0.110834148,6.402544173,6.599490293,9.538031908,8.46540847,8.172918734,7.124058912,3.052497161,-3.464772415,7.079864201,8.504703684,4.048804156,6.501388158,3.356647692,3.571058246,2.775969722,5.824971735,3.499958119,2.307119781,0.291994242,9.044848348,3.103651611,5.042546178
Europe & Central Asia,ECS,GDP growth (annual %),NY.GDP.MKTP.KD.ZG,4.381418937,2.247346779,1.575134516,1.814913198,3.195576621,2.710709315,3.909322441,3.643116328,0.998905426,-4.432917905,2.626519937,2.380654123,0.311740903,0.86977692,1.942652549,2.098396074,1.880092048,2.87445949,2.121661818,1.855910001,-5.410367964,6.744232825,3.245424922,1.016144329
Ecuador,ECU,GDP growth (annual %),NY.GDP.MKTP.KD.ZG,1.091801647,4.206271857,4.928095496,2.884500365,6.832397366,5.39862244,4.341131986,1.902428597,6.564920682,1.09101297,4.02913788,8.481476563,5.783212336,7.211236537,4.226065204,0.119692109,-0.687954246,5.97039881,1.044295547,0.165403533,-9.245096377,9.818417748,6.186139073,2.355217907
"Egypt, Arab Rep.",EGY,GDP growth (annual %),NY.GDP.MKTP.KD.ZG,6.37000383,3.535251974,2.390204026,3.193454737,4.092071611,4.471744472,6.843838194,7.087827427,7.156283566,4.6735998,5.147234858,1.764571949,2.226199799,2.185466054,2.91591188,4.372019078,4.346643456,4.181221,5.331108619,5.552093072,3.550164838,3.290646012,6.587845609,3.758700552
Euro area,EMU,GDP growth (annual %),NY.GDP.MKTP.KD.ZG,3.90185691,2.185342055,0.946997514,0.753370499,2.312190259,1.771918664,3.321601605,3.011505361,0.41650155,-4.48285238,2.121340778,1.778222744,-0.917843012,-0.169752032,1.452001019,2.14103196,1.822468559,2.597494948,1.768485843,1.628394652,-6.048673354,6.361155565,3.546043469,0.401418498
Eritrea,ERI,GDP growth (annual %),NY.GDP.MKTP.KD.ZG,-3.141985903,8.755435528,3.005429192,-2.655515925,1.451735566,2.574449551,-0.969217111,1.426822211,-9.783030018,3.876501528,2.194190349,8.679800101,,,,,,,,,,,,
Spain,ESP,GDP growth (annual %),NY.GDP.MKTP.KD.ZG,5.200641186,3.919088791,2.755456153,2.939289664,3.114531452,3.551225515,4.043435207,3.533500122,0.767165775,-3.768133072,0.094122317,-0.639920691,-2.865113673,-1.427322192,1.520485923,4.060866697,2.915156028,2.896042081,2.395411204,1.961178532,-10.94007066,6.683144185,6.179312226,2.675663493
Estonia,EST,GDP growth (annual %),NY.GDP.MKTP.KD.ZG,10.08763499,5.880749703,6.933000131,7.59630144,6.80069516,9.523058033,9.762570368,7.570918113,-5.125312709,-14.63022031,2.449745916,7.606976635,3.672021159,1.756494612,3.322787536,1.838157048,3.093015834,5.634674322,3.69969444,3.726653182,-2.883810041,7.154447483,0.060427832,-3.023035841
Ethiopia,ETH,GDP growth (annual %),NY.GDP.MKTP.KD.ZG,6.07321748,8.301306321,1.514725706,-2.161359722,13.57260314,11.81876595,10.83472707,11.456167,10.78852169,8.802553198,12.55053835,11.17829623,8.647811633,10.58227005,10.25749296,10.39246302,9.433482658,9.564189643,6.816147797,8.364085699,6.059530886,5.641530717,5.321176284,6.498134642
European Union,EUU,GDP growth (annual %),NY.GDP.MKTP.KD.ZG,3.934531784,2.161437803,1.097981146,0.938285219,2.600594726,1.98379523,3.5650683,3.141634775,0.623364646,-4.310867694,2.184575093,1.960766125,-0.761009906,-0.037626217,1.628453683,2.370901228,1.943938831,2.795465834,2.049971859,1.875721582,-5.576921085,6.357771334,3.497703287,0.427838269
Fragile and conflict affected situations,FCS,GDP growth (annual %),NY.GDP.MKTP.KD.ZG,5.447187766,4.109826533,4.790455846,1.069366207,11.26643257,5.83357542,5.819575404,5.987739023,5.04038511,3.061667721,7.017797072,0.036698808,5.569059483,3.540135901,2.348448227,0.820425464,2.166921687,2.563937442,2.715346787,2.293659501,-5.060523415,2.476908576,1.098739163,1.81242145
Finland,FIN,GDP growth (annual %),NY.GDP.MKTP.KD.ZG,5.753737865,2.640262159,1.687326305,2.011799666,4.005379488,2.777309271,4.019573228,5.312801782,0.784431219,-8.076030899,3.168287723,2.390394726,-1.522840285,-0.979741028,-0.478068319,0.466503518,2.571934232,3.303370161,1.19297773,1.349738438,-2.49103621,2.734713486,1.450048073,-1.163962815
Fiji,FJI,GDP growth (annual %),NY.GDP.MKTP.KD.ZG,-1.699998416,2.000000147,3.199999114,0.999999345,5.299999705,0.700000402,1.852483872,-0.85065431,1.03279422,-1.386037708,2.954672422,2.705143029,1.411314382,4.73421949,5.603514896,4.501199383,2.445652008,5.353364937,3.81235097,-0.581946371,-17.03866753,-4.881036056,19.79272669,7.524290882
France,FRA,GDP growth (annual %),NY.GDP.MKTP.KD.ZG,4.140999996,1.899467003,1.06775025,0.967827178,2.868250572,1.888565802,2.714064518,2.530481862,0.380171426,-2.824551503,2.000324727,2.437576569,0.183835271,0.781756446,0.997832938,1.066754735,0.860031082,2.083614851,1.645908729,2.027446476,-7.44064593,6.882337866,2.570840474,0.936487503
Faroe Islands,FRO,GDP growth (annual %),NY.GDP.MKTP.KD.ZG,,,,,,,,,,-4.553298241,-0.379817991,3.566363179,7.081483445,5.856143897,5.432142068,0.958001934,1.386447959,3.512013675,2.763709523,4.538510287,-1.63732118,5.504380173,3.556023804,2.489058117
"Micronesia, Fed. Sts.",FSM,GDP growth (annual %),NY.GDP.MKTP.KD.ZG,4.833903786,2.167602441,0.546997672,1.572115067,-3.080153047,2.041867164,-0.081055293,-1.836185294,-2.408492587,1.093099241,2.259389956,3.188574755,-1.866819755,-3.679767791,-2.305775745,4.621884004,0.484101802,0.823045267,0,4.081632653,-1.960784314,2.8,-0.778210117,0.784313725
Gabon,GAB,GDP growth (annual %),NY.GDP.MKTP.KD.ZG,-1.882966398,2.135233422,-0.249033169,2.247330012,0.689543058,2.676203333,-2.806578356,6.008108025,-3.308430649,0.13033112,7.089887315,7.091753343,5.251076918,5.638699003,4.314964441,3.878899395,2.091442208,0.472642031,0.837916581,3.920808795,-1.837761064,1.467957315,3.037614495,2.445880831
United Kingdom,GBR,GDP growth (annual %),NY.GDP.MKTP.KD.ZG,4.341634179,2.572780386,1.79566077,3.152346538,2.457904411,2.732660761,2.380694025,2.62488002,-0.248797298,-4.62055372,2.233315126,1.138362347,1.508998374,1.799921494,3.194637313,2.222888449,1.921710078,2.656504893,1.405190266,1.624475159,-10.29691887,8.575950905,4.839085147,0.339966158
Georgia,GEO,GDP growth (annual %),NY.GDP.MKTP.KD.ZG,1.840381179,4.807298672,5.474024887,11.057031,5.792682927,9.591138329,9.421480812,12.57556982,2.42161441,-3.650752296,6.246408653,7.934336525,6.57883102,5.132885312,4.090490596,3.351023503,3.45021518,5.159902617,6.062036413,5.380719266,-6.290471785,10.64423366,10.95853214,7.832201215
Ghana,GHA,GDP growth (annual %),NY.GDP.MKTP.KD.ZG,3.700000082,4.000000128,4.499999559,5.200000133,5.599999991,5.900003819,6.399912606,4.346819104,9.149798938,4.844487052,7.899711941,14.04712358,9.292789406,7.312525017,2.856240163,2.120759338,3.37346575,8.128894881,6.200077681,6.507774794,0.513941671,5.076466435,3.817504621,2.944785831
Gibraltar,GIB,GDP growth (annual %),NY.GDP.MKTP.KD.ZG,,,,,,,,,,,,,,,,,,,,,,,,
Guinea,GIN,GDP growth (annual %),NY.GDP.MKTP.KD.ZG,2.503060563,3.658346469,5.164609467,1.248601259,2.340117313,2.997272563,1.189602117,6.817471111,4.13301616,-1.122642048,4.81336017,5.612111774,5.915286261,3.945687086,3.696553117,3.825910569,10.8206272,10.30000534,6.358491927,5.616914469,4.704590961,5.582332811,3.972407842,6.744934446
"Gambia, The",GMB,GDP growth (annual %),NY.GDP.MKTP.KD.ZG,5.500000216,5.800000243,-3.25000015,6.869999622,7.050000001,-2.351729362,-0.555580977,3.043249508,6.255905534,6.665724308,5.90833581,-8.130444223,5.241569246,2.87276879,-1.407382495,4.058073804,1.943359655,4.822611249,7.234890333,6.22205316,0.591487288,5.255968788,5.49299823,4.797508952
Guinea-Bissau,GNB,GDP growth (annual %),NY.GDP.MKTP.KD.ZG,1.100278158,4.78597165,3.653936036,-0.285931052,1.171891523,6.559771118,2.666504933,2.559826471,4.524575146,2.447951061,5.605363114,8.085041672,-1.712869584,3.256071909,0.964525746,6.134089362,5.306596331,4.788991619,3.761453596,5.55045565,1.495274437,6.182676683,4.605831807,5.199268297
Equatorial Guinea,GNQ,GDP growth (annual %),NY.GDP.MKTP.KD.ZG,18.21377996,63.37987543,19.46283404,13.95525032,37.99872686,16.74870061,7.704917607,15.28211392,17.79910913,1.343356288,-8.924175889,6.52392363,8.312871844,-4.133198501,0.415066302,-9.110041149,-8.816417232,-5.667508505,-6.236544067,-5.481825379,-4.791080834,0.860269956,3.223508317,-5.089308721
Greece,GRC,GDP growth (annual %),NY.GDP.MKTP.KD.ZG,4.137827099,4.650414122,4.683137359,5.796823035,5.377866297,1.183506102,6.44339775,3.506870186,0.057473579,-4.119275981,-5.693741203,-9.876779039,-8.331133959,-2.272116922,0.792225038,-0.228301959,-0.031795213,1.473124985,2.064672533,2.277180636,-9.196231471,8.654497853,5.74364919,2.332123883
Grenada,GRD,GDP growth (annual %),NY.GDP.MKTP.KD.ZG,4.887952137,-2.023900041,3.43732353,9.463973431,-0.647450316,13.27618833,-3.995328244,6.123450947,0.947542625,-6.613281348,-0.511146187,0.76477355,-1.154838164,2.351098017,7.34212396,6.445223147,3.739603956,4.438675669,4.361440394,0.676511739,-13.75662226,4.687478169,7.320740616,3.566128618
Greenland,GRL,GDP growth (annual %),NY.GDP.MKTP.KD.ZG,7.101596882,1.269035079,-0.971177311,4.430045721,6.906582837,4.987491771,5.555694901,2.352437981,6.166132702,0.865952329,1.735825059,-0.496519392,1.39419336,-1.298280693,4.742135673,-2.529318024,4.68195411,0.052728183,0.623065429,2.832177568,0.187608794,1.290210488,,
Guatemala,GTM,GDP growth (annual %),NY.GDP.MKTP.KD.ZG,3.608868717,2.332574866,3.839287086,2.560377668,3.137916836,3.276026926,5.351397787,6.33771869,3.293524,0.476898107,2.884175428,4.163906883,2.974708568,3.694819199,4.443977583,4.092170816,2.677802555,3.079851491,3.4068734,4.017897934,-1.785551945,8.033267715,4.200155889,3.526792142
Guam,GUM,GDP growth (annual %),NY.GDP.MKTP.KD.ZG,,,,0.879314135,6.493789497,3.642316349,-3.652517275,0.717213115,2.034587996,0.438683948,2.263251936,0.077654824,2.13385063,1.690408357,1.793051924,0.825688073,0.181983621,0.890099909,-0.828231905,2.523602033,-10.51885957,2.058183257,5.099864262,
Guyana,GUY,GDP growth (annual %),NY.GDP.MKTP.KD.ZG,-1.363803903,2.279521659,1.132626962,-0.632225388,1.56335211,-1.950957595,5.129609348,7.191236241,1.755223496,3.611508472,4.138441601,5.196251561,5.27633062,3.653384333,1.68649445,0.687404591,3.807456264,3.734491546,4.440912885,5.352840035,43.47965172,20.06002806,63.33458716,33.80261709
High income,HIC,GDP growth (annual %),NY.GDP.MKTP.KD.ZG,4.261626561,1.593968773,1.637703702,2.29162318,3.522112722,2.994293665,3.246401597,2.85744329,0.66940194,-3.357498025,3.034194462,2.034909667,1.449944838,1.606408264,2.14757822,2.33977306,1.82381589,2.463333375,2.364554227,1.906097583,-3.86785581,5.778494231,2.898925841,1.779980693
"Hong Kong SAR, China",HKG,GDP growth (annual %),NY.GDP.MKTP.KD.ZG,7.663382253,0.560879904,1.65670092,3.056284261,8.700021427,7.388155978,7.032606762,6.464848634,2.127916149,-2.459135569,6.767695702,4.814711086,1.700288999,3.101508347,2.762422858,2.387777134,2.175431356,3.796104066,2.846927701,-1.672391239,-6.544767573,6.454408241,-3.683571131,3.276526256
Honduras,HND,GDP growth (annual %),NY.GDP.MKTP.KD.ZG,7.291288159,2.723193273,3.754337861,4.547038052,6.232302961,6.050599222,6.567243552,6.188327167,4.23160011,-2.43162788,3.731140344,3.835690662,4.128687749,2.791559757,3.058080562,3.840079971,3.892972197,4.842913911,3.84499477,2.559634346,-8.965082233,12.56528438,4.14356194,3.582603626
Heavily indebted poor countries (HIPC),HPC,GDP growth (annual %),NY.GDP.MKTP.KD.ZG,2.892465228,3.589811659,3.868389293,3.900391178,5.657180544,5.561013032,5.855290997,5.466766055,5.63823596,3.729134751,6.101048899,4.462323809,4.012663591,5.836886462,5.849822072,4.694812759,4.45300762,5.042741952,4.181503167,4.424409403,0.23286652,4.266050974,4.810998344,3.981315841
Croatia,HRV,GDP growth (annual %),NY.GDP.MKTP.KD.ZG,2.945252995,3.111234879,5.803328517,5.568372671,4.170484873,4.327076522,5.081465904,5.048886209,1.968590093,-6.813956178,-1.334081524,-0.097751453,-2.253745581,-0.125449826,-0.557150197,2.323175158,3.461129474,3.280958121,2.904681493,3.100439114,-8.311642579,12.63170033,7.287936432,3.302544881
Haiti,HTI,GDP growth (annual %),NY.GDP.MKTP.KD.ZG,0.870059259,-0.342747883,1.051820135,3.480779732,-1.31785676,3.072173377,1.768750603,4.70652994,2.658032308,5.890378948,-5.651511534,5.098213544,0.502424404,4.324784115,2.888772509,1.400000009,1.812468078,2.510271345,1.667810955,-1.723096998,-3.30550547,-1.798239889,-1.681983969,-1.863884203
Hungary,HUN,GDP growth (annual %),NY.GDP.MKTP.KD.ZG,4.479194732,4.074088033,4.741286546,4.074249746,5.004620692,4.29427761,3.94606688,0.277372772,1.003943029,-6.597867219,1.076254043,1.866837475,-1.250226023,1.802522101,4.232209806,3.707315979,2.201001893,4.271976016,5.362348362,4.864225735,-4.487046048,7.06122061,4.583407673,-0.907685956
IBRD only,IBD,GDP growth (annual %),NY.GDP.MKTP.KD.ZG,5.896762904,3.622130143,4.570036192,5.944864465,7.634389169,7.180973781,8.297206702,8.947589617,5.908709301,2.781018681,7.821246429,6.381996896,5.445136801,5.212406215,4.806613967,4.389669371,4.557913049,5.24270151,4.941768868,3.968120592,-1.326522039,7.540770624,3.561485841,4.568027852
IDA & IBRD total,IBT,GDP growth (annual %),NY.GDP.MKTP.KD.ZG,5.729235069,3.655996904,4.645932239,5.858121505,7.554208392,7.097768574,8.11234785,8.700417185,5.83919003,2.967306152,7.686476203,6.204445879,5.284156384,5.219624757,4.85966014,4.309269718,4.456433551,5.145093749,4.895994628,3.969397492,-1.291510788,7.306454494,3.617080896,4.464557484
IDA total,IDA,GDP growth (annual %),NY.GDP.MKTP.KD.ZG,3.940752378,4.022065495,5.463144721,4.932024206,6.68990843,6.192927207,6.083337322,5.930835602,5.038038678,5.097612879,6.179270557,4.188093963,3.417491916,5.304969194,5.485604957,3.366660573,3.254908513,3.974826459,4.340492602,3.984982856,-0.864245918,4.460277709,4.312293789,3.172374324
IDA blend,IDB,GDP growth (annual %),NY.GDP.MKTP.KD.ZG,3.775304485,4.358183598,6.944227027,5.02741211,7.588121159,6.202935353,5.853702201,5.611749532,4.15064124,5.960713055,5.929342344,4.599558403,4.372218641,5.501075195,5.58202143,3.699027541,2.062256788,2.55300616,3.820235084,2.841576525,-1.523520183,5.172331114,4.256206737,2.530259915
Indonesia,IDN,GDP growth (annual %),NY.GDP.MKTP.KD.ZG,4.920067747,3.643466447,4.499475391,4.780369122,5.030873945,5.692571304,5.500951785,6.345022227,6.0137036,4.628871183,6.223854181,6.169784208,6.030050653,5.557263689,5.006668426,4.8763223,5.033069183,5.069785901,5.17429154,5.01928768,-2.065511829,3.702885628,5.307419348,5.048105771
IDA only,IDX,GDP growth (annual %),NY.GDP.MKTP.KD.ZG,4.09586275,3.711672095,4.086890567,4.840954472,5.830832277,6.183196191,6.306655259,6.239821558,5.892267006,4.305271329,6.41235062,3.806108893,2.524391897,5.118215321,5.393643462,3.049084194,4.401673765,5.311309034,4.816715573,5.021661205,-0.278917782,3.835980523,4.362101325,3.748417005
Isle of Man,IMN,GDP growth (annual %),NY.GDP.MKTP.KD.ZG,5.300001526,5.399999031,6.199998195,5.999999688,5.200003104,5.899999336,7.699998713,7.50000023,4.900001001,2.100000272,3.399998424,1.999999382,7.303890305,4.141862742,5.15509985,-0.385867274,6.952303657,2.837757415,2.21339675,0.254878786,-8.8368174,3.837836666,,
India,IND,GDP growth (annual %),NY.GDP.MKTP.KD.ZG,3.840991157,4.823966266,3.803975321,7.860381476,7.922936612,7.923430621,8.060732572,7.660815067,3.086698059,7.861888833,8.497584702,5.241316199,5.456387552,6.386106401,7.410227605,7.996253786,8.256305502,6.795383419,6.453851345,3.871436941,-5.777724707,9.689592492,6.987039326,8.152936311
Not classified,INX,GDP growth (annual %),NY.GDP.MKTP.KD.ZG,,,,,,,,,,,,,,,,,,,,,,,,
Ireland,IRL,GDP growth (annual %),NY.GDP.MKTP.KD.ZG,9.403524598,5.305821525,5.89936651,3.013838746,6.78813864,5.739782353,4.987854685,5.310116844,-4.484069783,-5.095781694,1.682972351,1.6487739,-0.398959965,2.192175744,9.336033729,24.61556998,1.22263861,10.04962854,7.544341908,5.040550288,7.157898831,16.25561324,8.619503552,-5.530007361
"Iran, Islamic Rep.",IRN,GDP growth (annual %),NY.GDP.MKTP.KD.ZG,5.845527476,2.392172712,8.078829279,8.639298396,4.336665983,3.189804081,4.999795269,8.155773518,0.250856553,1.007385463,5.797938296,2.64571792,-3.747171399,-1.521979205,4.984775067,-1.424884939,8.815086643,2.758505246,-1.838007571,-3.070587985,3.330288459,4.719777732,3.776631402,5.044890511
Iraq,IRQ,GDP growth (annual %),NY.GDP.MKTP.KD.ZG,16.79613444,1.766608766,-8.203704812,-36.65678044,53.38554729,1.675228636,5.638299152,1.888539362,8.228107104,3.379299094,6.402564845,7.5464712,13.93643017,7.628285923,2.263688176,2.606766429,13.78737302,-1.819750351,2.633850991,5.513790575,-12.03679309,1.50218071,7.639811402,-2.93555774
Iceland,ISL,GDP growth (annual %),NY.GDP.MKTP.KD.ZG,4.98504277,4.013497555,0.559519082,2.142688379,7.802399508,6.124438965,6.316993086,8.454860096,2.209496419,-7.66380956,-2.832774915,1.845779156,1.063636607,4.55246032,1.687215018,4.436663719,6.303687107,4.194948829,4.889172995,1.861177943,-6.940453095,5.254209753,8.992507613,5.03717944
Israel,ISR,GDP growth (annual %),NY.GDP.MKTP.KD.ZG,8.625996376,0.16962555,-0.121470227,1.465057689,4.679316887,4.215531886,5.581031178,6.022860483,3.285977221,1.10822776,5.633119564,5.562822781,2.540804593,4.230599674,3.885324239,2.313510735,4.367283642,4.273421788,4.074476006,3.785141452,-1.464605643,9.343907746,6.470371502,2.42300691
Italy,ITA,GDP growth (annual %),NY.GDP.MKTP.KD.ZG,3.882098842,2.006433298,0.26992962,0.066553853,1.474021673,0.76241072,1.799479905,1.462292025,-1.023138477,-5.305154033,1.529105757,0.695463129,-3.125238795,-1.818025061,-0.00138764,0.885667638,1.236221107,1.603699946,0.826646697,0.429162534,-8.86822121,8.931062066,4.661762651,0.697632994
Jamaica,JAM,GDP growth (annual %),NY.GDP.MKTP.KD.ZG,0.878703548,1.344929564,1.997290944,3.666317593,1.3237251,0.893797936,2.89912535,1.431954037,-0.811736703,-4.345301858,-1.457147209,1.730376267,-0.61363604,0.517686013,0.689822357,0.921487125,1.375223064,0.997123062,1.889923681,0.892291654,-9.920322449,4.601424504,5.221519847,2.200061472
Jordan,JOR,GDP growth (annual %),NY.GDP.MKTP.KD.ZG,4.245711921,5.269957575,5.783807927,4.161667555,8.567214242,8.146594811,8.092975278,8.176169952,7.220386373,5.023710073,2.314834221,2.737179886,2.429358001,2.609947375,3.384078099,2.496528793,1.994180849,2.473598154,1.919070913,1.751240779,-1.102751883,3.65564191,2.647436164,2.678271538
Japan,JPN,GDP growth (annual %),NY.GDP.MKTP.KD.ZG,2.764647551,0.386103426,0.041962499,1.535125499,2.186115694,1.803900872,1.372350128,1.483969412,-1.224289001,-5.693236359,4.097917919,0.023809524,1.374750999,2.005100177,0.296205514,1.560626697,0.753826746,1.675331752,0.643391023,-0.402169201,-4.147118899,2.559320239,0.954736938,1.679019523
Kazakhstan,KAZ,GDP growth (annual %),NY.GDP.MKTP.KD.ZG,9.800000002,13.5,9.8,9.3,9.600000001,9.699999999,10.7,8.9,3.3,1.199999999,7.300000003,7.400000001,4.799999995,5.999999997,4.200000006,1.200000001,1.099999999,4.100000003,4.099999993,4.500000001,-2.499999996,4.299999997,3.2,5.1
Kenya,KEN,GDP growth (annual %),NY.GDP.MKTP.KD.ZG,0.599695391,3.779906498,0.54685953,2.932475546,5.104299776,5.90666608,6.4724943,6.85072977,0.232282745,3.306939816,8.058473603,5.12110612,4.568679614,3.797848393,5.020111002,4.967721128,4.213517068,3.837958174,5.647946407,5.114158858,-0.272766327,7.590489473,4.859981043,5.555873013
Kyrgyz Republic,KGZ,GDP growth (annual %),NY.GDP.MKTP.KD.ZG,5.443336633,5.321621412,-0.017324613,7.030293197,7.026812425,-0.175515404,3.102898742,8.542874775,8.401616049,2.886294575,-0.471566597,5.956274297,-0.0881502,10.91546945,4.024038631,3.875825445,4.335855922,4.739937224,3.757910136,4.600625657,-7.148977577,5.507007627,8.9675052,6.151391837
Cambodia,KHM,GDP growth (annual %),NY.GDP.MKTP.KD.ZG,9.993580323,7.389710651,6.265072805,10.28368131,9.457694811,13.30333384,10.94336007,10.3984581,7.476366066,4.074778506,5.076918432,7.286658139,7.650256579,7.857499755,8.000320746,7.207034725,7.905501161,8.075039155,8.776223762,7.936950136,-3.555721934,3.089842841,5.103368887,4.960066589
Kiribati,KIR,GDP growth (annual %),NY.GDP.MKTP.KD.ZG,6.742656778,-3.144120421,1.447156399,-1.575444389,-0.608968734,1.292422097,5.776914634,3.05509784,-2.984738101,0.536786756,1.225962861,3.263744917,5.803641006,7.730912864,1.263670229,11.2653381,7.088029601,3.749130019,3.4794388,3.264259304,-0.562016449,8.522661217,3.905352807,4.124590543
St. Kitts and Nevis,KNA,GDP growth (annual %),NY.GDP.MKTP.KD.ZG,10.04280842,5.25344983,1.367715073,-3.93339486,3.996346661,9.732820703,3.1503812,0.600602327,11.31703583,-3.404740154,-0.054194207,1.616607304,-0.737636737,5.727280872,7.576966023,0.694135528,3.932703193,0.220941147,2.003525498,2.831267379,-15.35445176,0.479678357,10.52284928,2.284948091
"Korea, Rep.",KOR,GDP growth (annual %),NY.GDP.MKTP.KD.ZG,9.060833325,4.852399572,7.725142675,3.147291194,5.197391363,4.308542714,5.264326595,5.799548415,3.012984873,0.79269899,6.804824918,3.685667782,2.402530992,3.164708636,3.202453795,2.809103268,2.946881715,3.15963574,2.907403774,2.24397786,-0.709415359,4.304734819,2.612672192,1.356733243
Kuwait,KWT,GDP growth (annual %),NY.GDP.MKTP.KD.ZG,4.694581871,0.213332576,3.014283152,17.32602042,10.24029806,10.60904498,7.514773,5.991575511,2.479756943,-7.076056431,-2.370497135,9.628576961,6.625875037,1.149464448,0.500915351,0.592771759,2.926073901,-4.71222158,2.743330539,2.263816906,-4.817428606,2.260806098,5.859208873,-3.640425903
Latin America & Caribbean (excluding high income),LAC,GDP growth (annual %),NY.GDP.MKTP.KD.ZG,3.621221578,0.175857832,0.367571843,2.40703937,5.274218247,3.988952706,5.25294138,5.335317494,3.739728786,-2.406359388,6.672001218,4.425325902,2.371190492,2.76541723,1.295902117,0.292412438,-0.483626127,2.017476067,1.565365654,0.627524013,-6.469955035,6.863152703,3.849238889,2.072132928
Lao PDR,LAO,GDP growth (annual %),NY.GDP.MKTP.KD.ZG,5.798782329,5.75141288,5.918743684,6.067002303,6.35769548,7.107568368,8.619266208,7.596828801,7.824902763,7.501774912,8.526905517,8.03865268,8.026098435,8.026300227,7.61196344,7.270065844,7.022836255,6.892530873,6.247960008,5.457735092,0.503031829,2.528351005,2.707426526,3.745681402
Lebanon,LBN,GDP growth (annual %),NY.GDP.MKTP.KD.ZG,1.34187162,3.839669277,3.423149828,3.227098269,6.679444616,2.68577931,1.549515001,9.310622526,9.069128268,10.23215558,7.975135558,0.867339879,2.564791337,3.827873499,2.484060105,0.462320793,1.554549409,0.903028464,-1.884705756,-6.914924729,-21.39989969,-7.001238625,-0.621678971,
Liberia,LBR,GDP growth (annual %),NY.GDP.MKTP.KD.ZG,28.61593425,2.920274766,3.763017617,-30.14513273,2.619846895,5.281212453,8.043909972,9.535275363,7.145691128,5.300540503,6.09982524,8.200768225,7.993814446,8.687287816,0.7013931,-0.01856497,-1.554958617,2.45515592,1.157575122,-2.467297635,-2.982491276,4.986712835,4.808105173,4.683756888
Libya,LBY,GDP growth (annual %),NY.GDP.MKTP.KD.ZG,3.679270408,-1.762838871,-0.958897333,13.01603725,4.461638996,11.87075652,6.50052542,6.229982786,-0.162048239,-4.400181763,5.027247672,-50.33851514,86.82674844,-17.99796157,-23.04280583,-0.842656252,-1.490941117,32.49180219,7.941367853,-11.19608289,-29.45529673,28.33346246,-8.251630041,10.15581818
St. Lucia,LCA,GDP growth (annual %),NY.GDP.MKTP.KD.ZG,0.048748554,-3.408063962,0.416450493,4.264611487,7.26740887,-0.410304726,6.195257291,1.691618574,4.94932194,-2.828899548,0.330018546,4.326942805,-0.108756148,-2.005024374,1.520874352,0.100928143,3.428096951,3.381374723,2.886197652,-0.700859002,-24.36115535,11.59947362,20.38676757,2.21007266
Latin America & Caribbean,LCN,GDP growth (annual %),NY.GDP.MKTP.KD.ZG,3.619344918,0.454998128,0.465823996,2.460344962,5.439116212,3.938907068,5.138101948,5.190596458,3.644001708,-2.275563946,6.389065957,4.402156989,2.567692095,2.756189305,1.333574352,0.401673201,-0.337640934,1.892130639,1.574492149,0.683718079,-6.594182117,7.048947577,3.963515512,2.08842613
Least developed countries: UN classification,LDC,GDP growth (annual %),NY.GDP.MKTP.KD.ZG,4.370566185,4.852795288,5.321953837,5.044483063,6.380028067,7.443196912,6.885273603,7.287426337,6.460984849,4.321671532,6.218846136,3.235239226,3.203737873,5.861724325,5.649055901,2.635906891,3.728624839,4.554727748,4.607451922,5.075955233,-0.112639131,2.830079741,4.640437711,3.431061038
Low income,LIC,GDP growth (annual %),NY.GDP.MKTP.KD.ZG,3.207574916,4.264517604,4.926224449,4.886114423,6.137543272,6.565576832,5.910024717,6.1249734,5.537539178,4.141192554,6.982048978,0.792742905,-3.1523702,3.597485725,4.404795545,-0.732224959,2.049410162,3.11406382,3.39941961,4.299694201,0.320842852,2.174783405,3.66998545,2.23905393
Liechtenstein,LIE,GDP growth (annual %),NY.GDP.MKTP.KD.ZG,3.220193082,-0.733092455,-0.993919947,-1.937565341,3.039172103,4.828076777,8.644968573,3.325963509,1.798088478,-1.15748292,,,,,,,,,,,,,,
Sri Lanka,LKA,GDP growth (annual %),NY.GDP.MKTP.KD.ZG,6.000033158,-1.545408134,3.964675685,5.940269078,5.445061279,6.241748044,7.668291901,6.796826119,5.950088145,3.538912053,8.01596737,8.669483012,8.63218138,4.051746329,6.377978893,4.205955476,5.053624893,6.460681271,2.310084252,-0.220483886,-4.624515037,4.207476495,-7.346791236,-2.298010562
Lower middle income,LMC,GDP growth (annual %),NY.GDP.MKTP.KD.ZG,4.210058889,4.345142527,4.513292738,5.947995986,7.083239237,6.710979567,6.965240968,6.897049148,4.589109287,5.957707319,6.858115743,4.757816408,5.164810604,5.678647658,6.11853677,5.935350981,5.700618839,5.464120268,5.441691796,4.080214853,-3.599056405,6.660980441,5.835270947,5.546388614
Low & middle income,LMY,GDP growth (annual %),NY.GDP.MKTP.KD.ZG,5.530935231,3.630730219,4.733622326,5.866346974,7.653435523,7.316714249,8.203599631,8.83223578,5.911727315,3.975570691,8.156626865,6.37805673,5.476508851,5.603734133,5.172627862,4.718561613,4.763005471,5.342568671,4.990446858,4.073281001,-1.119716999,7.337700987,3.815296992,4.611459008
Lesotho,LSO,GDP growth (annual %),NY.GDP.MKTP.KD.ZG,3.875546776,3.561581834,0.723836067,4.559777164,1.692374174,3.466122228,4.230095228,4.1879141,5.52341967,-1.253757799,5.269670781,4.616413945,6.334083747,1.792525556,1.710549905,3.12406678,3.608907317,-3.138174937,-1.480633158,-1.417993831,-8.155958799,2.26671067,2.387780202,1.826625259
Late-demographic dividend,LTE,GDP growth (annual %),NY.GDP.MKTP.KD.ZG,6.982342394,5.178755145,5.981499659,6.819875272,8.17624836,7.732091325,9.279088097,10.19983254,6.921069862,3.679503161,8.027096296,7.189259157,5.809616115,5.612876711,5.235144021,4.710039711,4.463048849,5.317769011,5.422399288,4.655641578,0.212543196,7.480010748,3.141934606,4.149421273
Lithuania,LTU,GDP growth (annual %),NY.GDP.MKTP.KD.ZG,3.418619189,6.484125563,6.71983784,10.55189734,6.502037029,7.731444715,7.395479826,11.07793181,2.599459493,-14.83861089,0.427199034,6.323637398,4.382905596,4.046914351,3.772541315,2.832808577,2.671920199,4.612243146,4.918369795,4.677351558,0.042814017,6.380016762,2.537525009,0.342262552
Luxembourg,LUX,GDP growth (annual %),NY.GDP.MKTP.KD.ZG,6.938130249,3.074354999,3.2254169,2.619378579,4.231891307,2.482874748,6.016715044,8.098667607,-0.300176194,-3.238954027,3.760413593,1.044298695,1.64990203,3.171790499,2.623086016,2.269784484,4.978190437,1.317187663,1.219321919,2.915847915,-0.909829799,7.168401987,1.380185891,-1.095723616
Latvia,LVA,GDP growth (annual %),NY.GDP.MKTP.KD.ZG,5.841029865,6.460573648,7.665489251,8.429134868,8.72514158,11.61531657,12.82501809,10.41453724,-3.388715451,-16.04001892,-3.661259081,3.036345903,7.305240455,2.096091141,2.094959596,3.78336529,2.551685854,3.398949378,4.309710888,0.675375257,-3.469229153,6.947233162,1.812682402,1.70679525
"Macao SAR, China",MAC,GDP growth (annual %),NY.GDP.MKTP.KD.ZG,5.746240218,2.888797633,8.910157205,11.64095162,26.63022362,8.075608646,13.39070248,14.47633684,3.391645706,1.27400383,25.12280853,21.6166896,9.242227734,10.75287221,-2.048465216,-21.51435875,-0.679119308,9.860121945,6.405365321,-2.563467574,-54.3361546,23.53598889,-19.60933637,75.06137693
St. Martin (French part),MAF,GDP growth (annual %),NY.GDP.MKTP.KD.ZG,,,,,,,,,,,,,,,,1,5,-8.00000324,-7.999995069,6.500003637,-12.50000225,4.899999671,,
Morocco,MAR,GDP growth (annual %),NY.GDP.MKTP.KD.ZG,2.582180915,7.721825196,3.730197375,6.17110215,4.571380165,3.19224973,7.79082001,3.441067767,5.684539363,3.745769401,3.499557094,5.524645233,3.062343685,4.122212869,2.71924408,4.344582976,0.521185506,5.057898162,3.06564133,2.890974761,-7.178207442,8.154738898,1.52720358,3.403341301
Monaco,MCO,GDP growth (annual %),NY.GDP.MKTP.KD.ZG,3.910229928,2.18773369,1.026497573,1.087536547,2.470482605,1.895414109,5.817648497,14.43751444,0.746871215,-11.33698658,2.065219627,7.022356946,1.012218412,9.577098324,7.187027775,4.910371765,3.008443588,-3.206183238,5.697901212,7.12088952,-13.23910483,22.23221559,11.04693943,5.043382592
Moldova,MDA,GDP growth (annual %),NY.GDP.MKTP.KD.ZG,2.107716082,6.100000399,7.799999658,6.599999958,7.399999734,7.500000149,4.799999837,3.000000226,7.800000145,-6.000000264,7.100000107,5.818166147,-0.589733955,9.043865607,4.999625854,-0.338235622,4.646014363,4.175612051,4.075595466,3.552314085,-8.27597832,13.92999979,-5.015482319,0.78324271
Madagascar,MDG,GDP growth (annual %),NY.GDP.MKTP.KD.ZG,4.45685894,5.98023577,-12.40797111,9.784892125,5.257003622,4.755845095,5.398508449,5.710564199,6.712632539,-3.978708612,0.619239745,1.578427054,3.011148116,2.300376228,3.339203112,3.132298075,3.993146062,3.933307595,3.194356517,4.411232129,-7.137671621,5.739615739,3.999999999,3.8
Maldives,MDV,GDP growth (annual %),NY.GDP.MKTP.KD.ZG,3.845810232,-3.943634289,7.26838641,13.75004966,5.816366933,-11.22316621,23.60579828,7.12342766,8.979816872,-8.157763215,6.835471356,8.572699128,2.363747489,6.963246632,7.801094807,3.971715703,6.572236066,7.054539014,8.668006242,7.298335745,-32.90882878,37.50787012,13.82608952,4.72639189
Middle East & North Africa,MEA,GDP growth (annual %),NY.GDP.MKTP.KD.ZG,6.57200881,1.844380211,1.970326166,4.611505893,7.97994234,5.0633641,5.995599337,5.254115406,4.589956347,0.805892965,5.077377006,3.747845479,3.932616974,2.158479946,2.939243811,2.561814264,4.351957491,1.977098479,2.26848468,1.261511646,-3.417689588,4.802550975,5.63441269,1.977247044
Mexico,MEX,GDP growth (annual %),NY.GDP.MKTP.KD.ZG,5.029283994,-0.450845253,-0.236588002,1.185544867,3.565441009,2.113247126,4.805013527,2.077863934,0.943331863,-6.295250558,4.971334583,3.444045058,3.55321076,0.852101559,2.503763503,2.702323426,1.772493238,1.871728533,1.972082102,-0.392690522,-8.354034557,6.048483443,3.689111093,3.199981166
Marshall Islands,MHL,GDP growth (annual %),NY.GDP.MKTP.KD.ZG,2.454430069,6.930044462,3.63579015,-1.561675105,-0.408355471,1.791044776,0.175953079,3.68852459,-7.566346697,3.665241295,5.5391868,-0.502512563,-1.290684624,3.808982376,-1.25958379,1.885745979,2.504082744,3.558151885,5.487179487,10.45211473,-2.772887324,1.222272522,-1.118067979,-3.934871099
Middle income,MIC,GDP growth (annual %),NY.GDP.MKTP.KD.ZG,5.578306042,3.61771232,4.729641613,5.886644512,7.684528292,7.331899647,8.249636718,8.885402012,5.918889466,3.972215163,8.180462697,6.490144478,5.640411055,5.638670202,5.185739035,4.810945858,4.806565229,5.377400476,5.014780686,4.069871411,-1.141458515,7.416774434,3.817413926,4.644827063
North Macedonia,MKD,GDP growth (annual %),NY.GDP.MKTP.KD.ZG,4.549135783,-3.067256625,1.493665472,2.222601657,4.67408958,4.724088642,5.137025162,6.473486858,5.47200139,-0.358614857,3.358750858,2.339886045,-0.456183224,2.925257665,3.629123513,3.85586514,2.848205194,1.081772738,2.88059671,3.910419538,-4.68845001,4.51067949,2.758884153,2.072749779
Mali,MLI,GDP growth (annual %),NY.GDP.MKTP.KD.ZG,-0.060834972,15.37623946,3.106308252,9.119041995,1.559998661,6.534778775,4.662186878,3.493616813,4.773145081,4.806322267,5.313935279,3.21313378,-0.836734632,2.29506829,7.084683881,6.171800024,5.852299199,5.305456084,4.746484327,4.756160808,-1.235450447,3.052613569,3.474951711,4.656775991
Malta,MLT,GDP growth (annual %),NY.GDP.MKTP.KD.ZG,19.6812701,-0.756672627,2.741120139,3.69426131,0.407159748,2.880671273,2.336122734,5.036663951,4.410126225,-1.395342555,6.197345169,0.991963675,4.102590303,6.291715744,7.631129375,9.621097562,4.077719295,12.97211934,7.189096537,4.084706028,-3.474687509,13.4603052,4.147882816,7.498512459
Myanmar,MMR,GDP growth (annual %),NY.GDP.MKTP.KD.ZG,13.74593056,11.34399707,12.02551343,13.84399689,13.56466162,13.56895002,13.07610138,11.99143524,10.25530539,10.5500091,9.634439452,5.591482378,7.332670447,8.426001025,8.169907456,6.99284029,5.862472915,6.136108244,6.268862215,6.579110068,-9.04834718,-12.01637248,4.037493436,0.958446625
Middle East & North Africa (excluding high income),MNA,GDP growth (annual %),NY.GDP.MKTP.KD.ZG,6.021268607,2.773830057,3.145246147,2.287449032,7.727341105,4.471068154,5.276440861,6.017036943,3.713690997,2.550448063,5.359259203,-0.938479754,3.551675766,0.454910091,2.058217054,0.493359681,5.403578961,3.121705102,1.815275191,0.905110666,-3.220417691,4.333063891,4.106014533,3.15107696
Montenegro,MNE,GDP growth (annual %),NY.GDP.MKTP.KD.ZG,3.100000059,1.099838709,1.903936733,2.482659229,4.426050717,4.180604509,8.56641803,6.810150125,7.222752592,-5.795096995,2.734331082,3.228451021,-2.723790771,3.548979912,1.783698581,3.390381397,2.949280321,4.716465276,5.077888811,4.062944992,-15.30689376,13.04346425,6.406680329,6.337697542
Mongolia,MNG,GDP growth (annual %),NY.GDP.MKTP.KD.ZG,1.146062137,2.952710543,4.732978466,7.004634574,10.62540596,7.253665438,8.556234817,10.24801636,8.900367941,-1.268598936,6.365161679,17.29077759,12.31981985,11.64891619,7.885225482,2.379835807,1.489784487,5.636876387,7.74488062,5.602244221,-4.557751976,1.636769577,5.032709637,7.422112762
Northern Mariana Islands,MNP,GDP growth (annual %),NY.GDP.MKTP.KD.ZG,,,,0.343170899,-3.077975376,-12.70289344,-6.871463217,-6.684027778,-11.06976744,-17.57322176,1.395939086,-7.384230288,0.810810811,2.680965147,4.177545692,3.383458647,29.21212121,23.17073171,-19.49733435,-11.4474929,-29.05982906,4.969879518,16.64275466,
Mozambique,MOZ,GDP growth (annual %),NY.GDP.MKTP.KD.ZG,0.766234956,12.85168202,9.668505347,7.217700866,8.204704948,6.31202378,9.910677568,7.649353938,6.878029426,5.928971875,6.679729357,7.134058423,7.994503161,6.571413897,7.702568448,7.393093699,4.696990242,2.638207373,3.484932024,2.317813948,-1.2195225,2.377435728,4.364450745,5.436859122
Mauritania,MRT,GDP growth (annual %),NY.GDP.MKTP.KD.ZG,-3.918025852,-0.79949383,1.38148396,6.928269576,4.732757875,8.56628732,18.33319869,-1.96942275,-0.331079223,0.097875914,2.620229481,4.172783278,4.470013192,4.15081319,4.274823288,5.376339241,1.260909231,6.270545669,4.772173657,3.141004893,-0.360657384,0.742715395,6.796005102,6.507187199
Mauritius,MUS,GDP growth (annual %),NY.GDP.MKTP.KD.ZG,8.202791749,3.347540727,1.614918659,5.925445489,4.330019855,1.77754302,4.865544608,5.72701616,5.386962542,3.315076998,4.377203223,4.077538066,3.496118365,3.3604061,3.82696982,3.690556904,3.862468263,3.937983806,4.006740572,2.891284993,-14.54653815,3.403798662,8.879885197,6.958287403
Malawi,MWI,GDP growth (annual %),NY.GDP.MKTP.KD.ZG,1.576077624,-4.974963617,1.700000029,5.705639407,5.420497549,3.268726021,4.699999765,9.599999876,7.639736399,8.328109852,6.874065854,4.932669998,1.900000001,5.410349999,5.62527,2.800000001,2.499999999,4,4.353564716,5.716825192,0.79359643,4.55829212,0.921115069,1.892457988
Malaysia,MYS,GDP growth (annual %),NY.GDP.MKTP.KD.ZG,8.85886817,0.517675319,5.390988307,5.788499286,6.783437724,5.332139161,5.584847067,6.298785927,4.831769889,-1.513528716,7.424847383,5.293912834,5.473454193,4.693722526,6.006721946,5.091532422,4.449781398,5.81272241,4.843086976,4.413187421,-5.456846584,3.315349544,8.861821876,3.555487154
North America,NAC,GDP growth (annual %),NY.GDP.MKTP.KD.ZG,4.161970417,1.030222543,1.801247401,2.71703866,3.787375448,3.46128323,2.774314639,2.008083046,0.181624378,-2.604607645,2.723959171,1.686211317,2.243378598,2.133496888,2.549447137,2.761104558,1.757413592,2.502844962,2.94789314,2.530365593,-2.387613184,5.996876288,2.611585921,2.762312082
Namibia,NAM,GDP growth (annual %),NY.GDP.MKTP.KD.ZG,3.492183364,1.177948695,4.788661219,4.239794296,12.2695481,2.529262658,7.073175318,5.374044152,2.649812038,0.295970914,6.03924948,5.091338139,5.06168207,5.614719623,6.09251916,4.264174538,0.03379445,-1.027248089,1.059939499,-0.839152163,-8.101402014,3.603829192,5.349664086,4.159985755
New Caledonia,NCL,GDP growth (annual %),NY.GDP.MKTP.KD.ZG,2.100108827,,,,,,,,,,,,,,,,,,3.995707282,-1.400000002,-2.400000001,-2.099999998,3.499999996,
Niger,NER,GDP growth (annual %),NY.GDP.MKTP.KD.ZG,-1.208477741,7.268134902,4.918470576,2.170610384,0.363801579,7.331868843,5.931049974,3.142724084,7.731414228,1.962600907,8.578166743,2.357756936,10.54894458,5.315130634,6.642136655,4.392648832,5.740893151,5.005360786,7.211418028,5.939852571,3.550641094,1.383596362,11.9,2.5
Nigeria,NGA,GDP growth (annual %),NY.GDP.MKTP.KD.ZG,5.015934759,5.917684649,15.32915574,7.347194968,9.250558229,6.438516525,6.059428032,6.591130361,6.764472778,8.036925101,8.005655916,5.307924203,4.230061175,6.671335393,6.309718655,2.652693295,-1.616868949,0.805886619,1.922757342,2.208429277,-1.794253083,3.647186541,3.251681408,2.860214991
Nicaragua,NIC,GDP growth (annual %),NY.GDP.MKTP.KD.ZG,4.101590251,2.960843491,0.753938876,2.520732896,5.31217057,4.282398338,4.153199588,5.075817499,3.434772163,-3.291292128,4.409645499,6.317476383,6.495979229,4.926115047,4.786492487,4.79144082,4.562954429,4.632533981,-3.363687646,-2.89702792,-1.755952892,10.31609128,3.752284757,4.569223171
Netherlands,NLD,GDP growth (annual %),NY.GDP.MKTP.KD.ZG,4.219753737,2.323575639,0.245785859,0.097832248,2.016310016,2.033963249,3.537375219,3.885306508,2.116815862,-3.665290445,1.319320233,1.773345207,-0.977877009,-0.030232452,1.612610074,2.120605224,2.424285765,2.781546099,2.258740396,2.300091595,-3.867953393,6.276830732,5.00723459,0.074560722
Norway,NOR,GDP growth (annual %),NY.GDP.MKTP.KD.ZG,3.318945671,2.067130461,1.377557001,0.944909391,4.014588017,2.685122891,2.461473134,2.914039986,0.481919541,-1.940364695,0.787051845,1.105656027,2.717959267,1.016190824,2.048131999,1.857339726,1.164724235,2.463746285,0.828900664,1.123777874,-1.278171785,3.908686777,3.005635161,0.479647246
Nepal,NPL,GDP growth (annual %),NY.GDP.MKTP.KD.ZG,6.199999982,4.799892143,0.120143177,3.945037761,4.682603252,3.479181048,3.364614781,3.41156028,6.104639144,4.533078725,4.816414647,3.421808701,4.670141924,3.525153171,6.011482843,3.976053272,0.433113719,8.977279356,7.622376104,6.657055431,-2.369620629,4.838149614,5.631314559,1.952544633
Nauru,NRU,GDP growth (annual %),NY.GDP.MKTP.KD.ZG,-6.856193232,-6.761117247,-9.97126891,0.284637232,-4.314906396,-0.355648874,8.328760806,-22.18530498,20.38090759,-5.6519328,-0.159976911,14.39463342,25.2793205,3.647740417,16.42333564,2.698017274,4.363240539,-6.011229987,-1.219122015,8.486736592,1.981819494,7.206594666,3.022636275,0.590699676
New Zealand,NZL,GDP growth (annual %),NY.GDP.MKTP.KD.ZG,2.870590222,3.41147077,4.713843165,4.728967744,4.088259649,3.353241444,2.77957135,3.049910512,-1.239535111,-0.051952422,1.444621284,2.241342215,2.289462967,2.76017959,3.754319415,3.734035773,3.748311452,3.397282504,3.49949703,2.361962178,-0.424906458,4.546247639,2.774842648,0.733302172
OECD members,OED,GDP growth (annual %),NY.GDP.MKTP.KD.ZG,4.104414864,1.411815113,1.53541515,2.041524721,3.268345939,2.836486891,3.048028924,2.592146008,0.378810002,-3.38709748,2.95466808,1.896298166,1.370661834,1.618099714,2.183090261,2.518312398,1.841950293,2.570919076,2.337282987,1.858230751,-3.89788254,5.921184331,3.03275924,1.820987063
Oman,OMN,GDP growth (annual %),NY.GDP.MKTP.KD.ZG,6.192410637,4.613166494,-0.784165786,-2.19466568,1.99251511,2.779443603,4.669814819,4.980654671,8.95005895,5.981966949,2.471998566,2.894609735,8.863122256,5.227704081,1.292252294,5.017057997,5.046423946,0.304057566,1.287103915,-1.128638017,-3.379720527,2.582174989,9.577106131,1.310440113
Other small states,OSS,GDP growth (annual %),NY.GDP.MKTP.KD.ZG,7.060374743,3.060420152,3.475721239,4.582707353,4.886373612,4.845090022,6.341962778,5.908996409,1.918640956,-3.585366003,2.784259047,3.071427361,1.73434041,1.812877387,2.506899919,3.265406572,4.06277627,5.13605415,3.929482149,3.844223093,-5.863820009,7.093733063,4.886846816,2.901818569
Pakistan,PAK,GDP growth (annual %),NY.GDP.MKTP.KD.ZG,4.260088011,3.651350171,2.594816684,5.401310873,7.83125557,7.276574436,6.051637676,4.44481434,2.120441043,3.472550596,1.501717522,2.680116854,3.027583911,4.36686505,4.116428172,4.217942096,6.573838285,4.432625907,6.151702611,2.497636929,-1.274087443,6.513885759,4.778106869,-0.039692523
Panama,PAN,GDP growth (annual %),NY.GDP.MKTP.KD.ZG,4.209005479,0.94990815,2.508843727,5.096860305,8.17565334,8.276183345,9.857238706,13.15306538,10.19743259,1.61186406,6.073393531,11.90887722,9.627293464,6.324353887,4.625813756,5.266917196,4.571967079,5.744059464,3.918198074,3.103067886,-17.82122997,16.46712492,10.76966587,7.399301556
Peru,PER,GDP growth (annual %),NY.GDP.MKTP.KD.ZG,2.694371398,0.617892326,5.453528938,4.165023137,4.958203206,6.285060325,7.528899044,8.518387769,9.126568301,1.095823659,8.332459107,6.327192402,6.139724706,5.852518211,2.382157372,3.252244772,3.953318715,2.518835442,3.969351341,2.240631769,-10.9333065,13.35522951,2.725500216,-0.550182306
Philippines,PHL,GDP growth (annual %),NY.GDP.MKTP.KD.ZG,4.382504833,3.04923151,3.716255002,5.086911135,6.569228512,4.942505119,5.316416821,6.51929155,4.344487305,1.448323063,7.334499965,3.858232824,6.896951708,6.750531304,6.34798748,6.348309715,7.149456753,6.930988325,6.341485571,6.118525661,-9.518294741,5.714733134,7.580982128,5.545851171
Palau,PLW,GDP growth (annual %),NY.GDP.MKTP.KD.ZG,-2.603896384,6.500401351,5.016171853,-3.22330325,3.939045832,3.413968006,-0.123720352,1.754015887,-5.493955355,-7.260604514,-0.895890571,5.118275675,1.25344702,-3.036260827,4.77,8.2,-0.44,-3.26,0.11,0.2,-5.999425856,-13.79388797,-1.318449033,1.877069798
Papua New Guinea,PNG,GDP growth (annual %),NY.GDP.MKTP.KD.ZG,-2.494841993,-0.121288606,-0.158900533,2.164102502,2.721175741,6.344795923,5.409944091,7.815189229,-0.296457846,6.800421483,10.12845407,1.107543626,4.657119597,3.824946328,13.54377062,6.578356323,5.489573153,3.534610818,-0.279252285,4.480514571,-3.167432041,-0.511353444,5.707584118,3.035704755
Poland,POL,GDP growth (annual %),NY.GDP.MKTP.KD.ZG,4.65633253,1.233744644,1.90119438,3.523371172,5.090795464,3.260822747,6.202107109,6.760447853,4.383770693,2.615128593,3.168927483,5.255462566,1.511781676,0.684240607,3.920508624,4.431767003,3.031177676,5.152457733,6.245858472,4.580458173,-2.035568824,6.927182661,5.255456974,0.138832755
Pre-demographic dividend,PRE,GDP growth (annual %),NY.GDP.MKTP.KD.ZG,5.557521676,4.310735579,5.948603928,-0.717368601,11.96263917,5.968953109,6.220057282,6.065531493,6.384783304,4.916870533,6.561922789,4.296952967,4.26819816,5.957551658,5.374715601,2.950854219,2.405476514,1.640062739,2.58373909,3.312289697,-2.559131954,3.196054152,4.148162935,2.133873257
Puerto Rico,PRI,GDP growth (annual %),NY.GDP.MKTP.KD.ZG,3.271964529,6.313471555,0.916459384,0.053419805,8.748676927,-1.986938733,-1.409414024,-1.16280669,-1.84413425,-1.952425142,-0.413254118,-0.358510628,0.02927511,-0.306826657,-1.190363454,-1.049290032,-1.263694348,-2.885218384,-4.361427032,1.675463795,-4.180874309,0.38522272,3.568110247,0.563519427
"Korea, Dem. People's Rep.",PRK,GDP growth (annual %),NY.GDP.MKTP.KD.ZG,,,,,,,,,,,,,,,,,,,,,,,,
Portugal,PRT,GDP growth (annual %),NY.GDP.MKTP.KD.ZG,3.816177564,1.943672154,0.770924879,-0.930521086,1.78873566,0.781847758,1.625034638,2.506579715,0.319247162,-3.122078123,1.73762451,-1.713527503,-4.050902619,-0.984106758,0.741391471,1.589798289,2.004141094,3.314720782,2.946282416,2.745684716,-8.204632063,5.558757523,6.985841938,2.526281108
Paraguay,PRY,GDP growth (annual %),NY.GDP.MKTP.KD.ZG,-2.314140568,-0.834054717,-0.021404395,4.320745486,4.057418364,2.133490665,4.807117193,5.421622872,6.49629212,-0.261137328,11.09523127,4.286371207,-0.708043112,8.293076489,5.301238592,2.957151735,4.268025833,4.810078856,3.204250341,-0.401855101,-0.819785391,4.016737318,0.176038366,4.714124079
West Bank and Gaza,PSE,GDP growth (annual %),NY.GDP.MKTP.KD.ZG,-8.555572684,-9.311081142,-12.48838218,14.01564768,21.92448612,11.29065118,-0.996556103,3.788281521,7.429182255,8.593490879,5.777362056,9.600808489,6.096456563,4.698569866,-0.157866651,3.721299671,8.86461882,1.419367563,1.227077378,1.362687466,-11.31846611,7.011982276,4.082760273,-5.410937
Pacific island small states,PSS,GDP growth (annual %),NY.GDP.MKTP.KD.ZG,-1.525945908,0.882239676,2.01201802,1.84467753,3.988743326,2.428885589,2.336981571,0.133288007,1.958575848,-0.583385179,3.737037958,3.844413628,1.012290307,3.225735162,3.614705108,3.709347535,3.747003057,4.025290915,2.767996072,1.152065648,-10.14403852,-2.697531272,9.145807914,5.405280585
Post-demographic dividend,PST,GDP growth (annual %),NY.GDP.MKTP.KD.ZG,4.046653562,1.529352197,1.525513665,2.026882777,3.210642046,2.785924372,2.941732211,2.540696017,0.348107805,-3.378578912,2.891953778,1.681289173,1.234393122,1.516712842,2.013757467,2.237442354,1.791691838,2.443242533,2.244749571,1.836401756,-4.078746824,5.640371312,2.710613015,1.856886684
French Polynesia,PYF,GDP growth (annual %),NY.GDP.MKTP.KD.ZG,3.245411013,-0.341595578,0.846181483,2.126928849,0.97125913,0.309973476,0.889584118,1.704975638,0.006767551,-4.231391831,-2.46606419,-2.961957454,-0.927537713,0.398801414,0.593554453,1.66510563,2.369644447,4.374502383,1.832028228,2.699934499,-7.050990654,2.094788968,4.46607459,
Qatar,QAT,GDP growth (annual %),NY.GDP.MKTP.KD.ZG,8.028125452,3.898186662,7.18215168,3.719958677,19.21891534,7.492758483,26.17024567,17.98565682,17.66355636,11.95656113,19.59233153,13.37517641,4.730011844,5.556040643,5.334323292,4.753345724,3.064191884,-1.497604702,1.234872202,0.68824096,-3.557603999,1.626846725,4.185009713,1.187159912
Romania,ROU,GDP growth (annual %),NY.GDP.MKTP.KD.ZG,2.461216469,5.218184512,5.70299165,2.341147329,10.42811302,4.668148051,8.028811076,7.233807744,9.307467171,-5.516706158,-3.905811573,4.495589099,1.903616968,0.278771877,4.116001093,3.157036054,2.859932523,8.195478266,6.120930007,3.92326385,-3.674384409,5.545709626,3.965307663,2.404271779
Russian Federation,RUS,GDP growth (annual %),NY.GDP.MKTP.KD.ZG,10.00006681,5.100051226,4.699991909,7.299952345,7.19994787,6.399965448,8.200068255,8.499977769,5.199969264,-7.799993913,4.499999999,4.300029186,4.024086157,1.755422149,0.736267222,-1.972719226,0.193690071,1.825790064,2.807245411,2.198075713,-2.653654501,5.614290376,-2.069711525,3.6
Rwanda,RWA,GDP growth (annual %),NY.GDP.MKTP.KD.ZG,8.370895935,8.484560342,13.19207363,2.202387511,7.44766737,9.377899167,9.227075768,7.633298191,11.16124732,6.248257506,7.33465645,7.958388698,8.641508158,4.71984857,6.167166152,8.856855597,5.970745254,3.918170936,8.516467226,9.447385186,-3.373687464,10.85796776,8.157733085,8.241287695
South Asia,SAS,GDP growth (annual %),NY.GDP.MKTP.KD.ZG,4.112444812,4.359147021,3.72112041,7.176075457,7.54870582,7.612728685,7.618515009,7.139227502,3.29811413,6.949905545,7.366026514,5.071396594,5.381345796,6.008623704,6.847958826,7.251628145,7.776303356,6.501458643,6.334689132,3.924325624,-4.582701819,8.763614208,6.313203718,6.7785427
Saudi Arabia,SAU,GDP growth (annual %),NY.GDP.MKTP.KD.ZG,4.718179529,0.344583363,-0.688407963,8.768756519,8.630976889,5.944894035,3.313516937,2.213617148,6.238020047,-1.06671,5.039492843,10.99376168,5.408916078,2.534778271,3.811422791,4.509059063,1.884492736,0.911048656,3.19922678,1.09773375,-3.581534863,5.07511035,7.485984291,-0.754914811
Sudan,SDN,GDP growth (annual %),NY.GDP.MKTP.KD.ZG,6.34586744,6.500360534,6.006471536,6.288808161,5.140888518,5.643515513,6.531411747,5.735274237,3.846744731,-2.767704366,3.858241952,-3.213532093,-17.0046884,1.955144633,4.661379542,1.910176891,3.467642184,0.709256285,-2.68093055,-2.178251045,-3.629800824,-1.868520483,-0.957816591,-20.11157597
Senegal,SEN,GDP growth (annual %),NY.GDP.MKTP.KD.ZG,3.887210958,4.310851466,0.068696575,5.593950945,4.643293937,4.310238526,2.330770983,2.827119201,3.703169064,2.752104485,3.390889253,1.33409108,4.002995551,2.412385276,6.224074438,6.367043651,6.356068572,7.407486186,6.209241034,4.613628097,1.342073773,6.5440011,3.825863637,4.584061405
Singapore,SGP,GDP growth (annual %),NY.GDP.MKTP.KD.ZG,9.038316326,-1.070862751,3.923360767,4.548255426,9.939982684,7.366322393,9.006766079,9.021519513,1.863483455,0.127953383,14.51974971,6.214934169,4.435497594,4.817630991,3.935540277,2.976799316,3.588643696,4.512926318,3.517114185,1.345058741,-3.869798934,9.690766871,3.838076785,1.075031751
Solomon Islands,SLB,GDP growth (annual %),NY.GDP.MKTP.KD.ZG,-14.27699959,-7.9566061,-2.799982885,6.523466851,7.683299966,7.357841934,4.138280318,3.639672429,6.225969544,2.864267902,9.708388169,7.429949617,2.466001387,5.237740178,1.189217471,1.676146156,5.554731534,3.075348034,2.745995423,1.748566555,-3.381147541,2.564349754,2.402481436,3.079769815
Sierra Leone,SLE,GDP growth (annual %),NY.GDP.MKTP.KD.ZG,6.652729659,-6.345455403,26.52413489,9.483631486,6.478846016,4.35349995,4.283110445,7.976565334,5.435893044,3.209431562,6.637492458,6.009831046,15.20174827,21.07901416,4.559253533,-20.49107411,6.346727852,3.753803214,3.47290262,5.502709374,-1.253349032,5.896852705,5.313554614,5.710021898
El Salvador,SLV,GDP growth (annual %),NY.GDP.MKTP.KD.ZG,1.127906977,0.87961366,1.572918448,1.565393031,0.889404486,2.680830094,4.336998603,1.847602206,2.154402983,-2.108768376,2.154195367,3.773584998,2.887700102,2.182952325,1.729399842,2.400000089,2.539062411,2.247619081,2.412444224,2.437471591,-7.89310136,11.9047617,2.799552169,3.510977066
San Marino,SMR,GDP growth (annual %),NY.GDP.MKTP.KD.ZG,2.179379715,5.578342904,0.310800311,3.872966692,4.548844146,2.42510699,3.830083565,7.109322602,-0.500939261,-10.32095658,-5.473684211,-8.314773571,-7.044534413,-0.783972125,-0.7023705,2.291505561,2.344405861,0.258265466,1.493905318,2.065685147,-6.647910818,13.89778951,7.898441458,
Somalia,SOM,GDP growth (annual %),NY.GDP.MKTP.KD.ZG,7.110314311,7.110314311,7.630267293,7.630267293,7.110314311,7.110314311,6.486370733,6.694351926,6.694351926,6.694351926,6.694351926,6.694351926,6.694351926,10.95929145,8.978005906,10.46218841,7.034872974,14.73579515,2.054314856,2.824313365,-2.752481039,3.458227929,2.727114296,4.216384326
Serbia,SRB,GDP growth (annual %),NY.GDP.MKTP.KD.ZG,6.055092258,6.778519089,6.541048197,4.559689512,6.686867713,5.903497983,3.900663855,7.832071663,5.160892773,-3.142610465,1.610972661,0.054272479,-0.443956029,0.451578763,-1.804270248,1.295738512,2.975197792,2.363393787,4.649350355,4.750207939,-0.950023992,7.949056505,2.630986444,3.847471128
Sub-Saharan Africa (excluding high income),SSA,GDP growth (annual %),NY.GDP.MKTP.KD.ZG,3.478569495,4.190479215,6.359732075,4.06521156,6.610841809,6.012842951,6.049900182,6.162027009,5.196550829,3.18244888,5.997315291,4.41065525,3.272169836,5.170343041,4.876646326,2.868335818,1.2454865,2.499868426,2.745713406,2.665657909,-2.000071335,4.330037914,3.652721799,2.798906094
South Sudan,SSD,GDP growth (annual %),NY.GDP.MKTP.KD.ZG,,,,,,,,,,5.04164188,5.493416395,-4.640316736,-46.08212237,13.12973114,3.373648477,-10.79336463,,,,,,,,
Sub-Saharan Africa,SSF,GDP growth (annual %),NY.GDP.MKTP.KD.ZG,3.479487021,4.18276836,6.353970621,4.054609421,6.60172576,6.015470964,6.052930333,6.164554839,5.188983428,3.177528636,5.996089648,4.414784634,3.272032676,5.167021716,4.875982585,2.873233612,1.254811489,2.504098753,2.74788731,2.668540972,-2.01020207,4.326498682,3.662947127,2.799269454
Small states,SST,GDP growth (annual %),NY.GDP.MKTP.KD.ZG,5.865311911,2.558646288,3.119906114,3.882788392,4.41621232,4.41942037,5.7884794,5.132748646,1.654199655,-3.278437693,2.466674194,2.841620869,1.800709968,1.553409384,2.419148722,2.730664573,3.397498481,4.521214718,3.683151971,3.2578815,-6.66300887,7.202623215,8.006409244,4.801103454
Sao Tome and Principe,STP,GDP growth (annual %),NY.GDP.MKTP.KD.ZG,0.448368262,3.064482958,3.360188168,8.291519461,3.537905944,6.61462475,8.866109359,3.641471852,6.22878507,3.302399666,1.448455229,1.999432103,2.942942774,5.119677354,4.906210487,1.539704283,5.176824687,4.112979663,4.378128083,2.014316721,2.624859495,1.899298913,0.168698492,0.372252775
Suriname,SUR,GDP growth (annual %),NY.GDP.MKTP.KD.ZG,2.099998868,4.200000421,2.800000689,6.299999433,8.500000185,4.500000211,5.793543585,5.111487778,4.143406812,3.013698983,5.168825152,5.849367672,2.690349747,2.933441652,0.255503032,-3.413042681,-4.911660509,1.566037825,4.948271085,1.167589772,-15.97519171,-2.435385836,2.406222356,2.539566754
Slovak Republic,SVK,GDP growth (annual %),NY.GDP.MKTP.KD.ZG,0.789225596,2.925159034,4.417253916,4.856698202,5.389498986,6.484932016,8.925686957,10.81863113,5.363376956,-5.505338424,6.79058214,2.562424559,1.569171156,0.703323635,2.707950624,5.17687951,1.947819026,2.874732255,4.06212037,2.275899182,-2.585512529,5.72698854,0.449673875,1.378337272
Slovenia,SVN,GDP growth (annual %),NY.GDP.MKTP.KD.ZG,3.497916451,2.828686642,3.282583465,3.19503111,4.546019547,3.854126785,5.908784239,7.139231754,3.372238038,-7.59058743,1.112137416,0.655439912,-2.915538603,-0.823777238,2.762831643,2.393308724,3.034413954,5.17440454,4.379081716,3.505251668,-4.084998153,8.389650321,2.699237557,2.112591843
Sweden,SWE,GDP growth (annual %),NY.GDP.MKTP.KD.ZG,4.631115991,1.360766926,2.277671149,1.880944119,4.179530396,2.793176855,4.675998709,3.224911317,-0.923123083,-4.255573743,5.750735843,3.163910481,-0.414465721,1.137716498,2.295763809,4.410140676,2.349740804,1.825156015,1.902964588,2.549647853,-2.005337504,5.937508573,1.459288508,-0.310670185
Eswatini,SWZ,GDP growth (annual %),NY.GDP.MKTP.KD.ZG,1.76017376,1.054764906,4.380099088,3.880213586,3.623914226,5.99877655,5.992166838,4.435375577,0.821663914,1.565048852,3.793754968,2.247229761,5.396630697,3.861213798,1.716887833,1.354894932,3.528997951,2.465058605,0.769171434,4.962121425,-2.88706296,3.399338581,-0.067619258,5.014904713
Sint Maarten (Dutch part),SXM,GDP growth (annual %),NY.GDP.MKTP.KD.ZG,,,,,,,,,,,3.199992692,4.600003414,1.390544568,1.306731035,1.580382215,0.10581315,0.967758363,-7.535213999,-6.856982992,10.96500094,-13.31678872,4.577596779,9.800001111,3.8
Seychelles,SYC,GDP growth (annual %),NY.GDP.MKTP.KD.ZG,4.253198349,-2.271162886,1.212832903,-5.887128488,-2.850453977,9.005761737,9.406128557,8.876066456,-2.725946262,-2.479375947,4.505132043,9.509783352,3.110678494,1.253734962,4.063691812,8.914008875,12.11752725,6.954162188,4.939472723,5.514292074,-11.73986083,0.552281631,14.97685133,3.161714355
Syrian Arab Republic,SYR,GDP growth (annual %),NY.GDP.MKTP.KD.ZG,0.675642589,1.047287102,3.954831927,7.204435053,6.902959435,6.215077835,5.046195556,5.674591777,4.476672736,5.912042793,5.191905841,2.850002844,-26.33901708,-26.30008766,-10.31033991,-4.179791613,-6.405590739,-0.723281777,1.393176078,1.220705221,-0.697154504,1.854215901,0.732781302,
Turks and Caicos Islands,TCA,GDP growth (annual %),NY.GDP.MKTP.KD.ZG,,,,,,,,,,,,,-0.972299355,1.070877013,8.711296582,11.31483413,7.25118055,-2.5,5.610593584,5.310925248,-26.78293287,9.025497471,6.199999486,1.199996745
Chad,TCD,GDP growth (annual %),NY.GDP.MKTP.KD.ZG,-0.879681025,11.65813465,8.491209819,14.72166701,33.62937185,17.33253374,0.648262014,3.271499579,3.052691532,4.217695552,13.55010086,0.082869798,8.882576072,5.700001363,6.899985045,2.767675685,-6.255527085,-2.988695986,2.3740378,3.247181917,-1.600006737,-1.169187004,2.804340748,4.12231962
East Asia & Pacific (IDA & IBRD countries),TEA,GDP growth (annual %),NY.GDP.MKTP.KD.ZG,7.646807246,6.977926533,8.058411232,8.946932555,9.119650557,9.977865969,11.07798787,12.48518766,8.615983361,7.9888677,9.917592693,8.64259907,7.580730036,7.299390295,6.985948361,6.707666576,6.566445809,6.709544794,6.527781432,5.784202076,1.243567405,7.602004541,3.3861527,5.107389158
Europe & Central Asia (IDA & IBRD countries),TEC,GDP growth (annual %),NY.GDP.MKTP.KD.ZG,7.367966299,2.592226906,4.993220063,6.181577688,7.848398993,6.611794467,7.84109446,7.606102049,4.473133258,-4.691501672,4.668087412,5.926181446,3.449134712,3.339617447,2.339824865,1.487560189,1.857666928,4.295865912,3.733131637,2.698323364,-1.462933314,7.391998517,1.730377957,3.649843501
Togo,TGO,GDP growth (annual %),NY.GDP.MKTP.KD.ZG,-0.78347961,0.823438752,3.826622577,6.720171423,-0.978665333,-4.666299384,2.650132099,-1.175120392,4.035645276,5.453823993,5.854352694,5.823252237,6.302695421,5.824265832,5.633240218,5.468031293,4.214895609,4.008133262,4.79506027,4.922925917,1.992155019,5.990876104,5.759542515,6.407922156
Thailand,THA,GDP growth (annual %),NY.GDP.MKTP.KD.ZG,4.455247043,3.44424901,6.149036052,7.189243303,6.289342143,4.187638429,4.967810892,5.435151691,1.725698849,-0.690618232,7.513390533,0.840132083,7.242796202,2.687495563,0.984468864,3.134047249,3.435157717,4.177681032,4.222870287,2.114557796,-6.050038469,1.568181765,2.462769341,1.887257251
Tajikistan,TJK,GDP growth (annual %),NY.GDP.MKTP.KD.ZG,8.324324495,9.580836178,10.80000376,10.99999908,10.29999894,6.699998517,7.000003211,7.800000119,7.899998272,3.900001148,6.499999086,7.4000006,7.499999463,7.399999747,6.70000069,6.019303318,6.9,7.100000419,7.59999889,7.400000163,4.400001116,9.39999955,8.000000338,8.299999217
Turkmenistan,TKM,GDP growth (annual %),NY.GDP.MKTP.KD.ZG,5.469064133,4.343845714,0.257179925,3.26882856,5.000407438,13.03403487,10.97330833,11.05929947,14.7,6.100000115,9.199999988,14.69999993,11.09999996,10.2000001,10.29999997,6.49999991,6.199999966,6.500000047,6.199999941,6.300000042,5.900000049,6.200000017,6.199999936,6.300157585
Latin America & the Caribbean (IDA & IBRD countries),TLA,GDP growth (annual %),NY.GDP.MKTP.KD.ZG,3.5934564,0.22744372,0.431100579,2.539440575,5.349302144,4.034914734,5.24773384,5.35948883,3.813466277,-2.326113805,6.679117322,4.575724384,2.641697404,2.848752491,1.395175915,0.359823356,-0.339238287,1.993605955,1.677342921,0.681040123,-6.508201195,7.25639389,3.988050986,2.172054618
Timor-Leste,TLS,GDP growth (annual %),NY.GDP.MKTP.KD.ZG,58.07809593,16.35138092,-6.703651824,-2.182264132,0.400003981,2.984579638,-4.116092689,10.26538845,11.39480483,10.14695442,9.331511766,5.958539712,4.860621868,3.104366832,4.472498466,2.480040402,3.009930626,-3.182415225,-0.466502171,24.21288401,31.72574167,5.363126627,-20.58424404,-18.11781338
Middle East & North Africa (IDA & IBRD countries),TMN,GDP growth (annual %),NY.GDP.MKTP.KD.ZG,6.15546304,2.869666224,3.254544256,2.217956087,7.633509815,4.42001202,5.326495015,6.033753242,3.6864139,2.504481928,5.355890006,-1.02374822,3.528877054,0.415948215,2.07939945,0.463181704,5.37017236,3.138681301,1.821043088,0.90064982,-3.141109552,4.309042918,4.106228449,3.230569457
Tonga,TON,GDP growth (annual %),NY.GDP.MKTP.KD.ZG,3.754092277,1.49248296,4.429229125,0.051803335,-1.967948131,-0.657653749,-2.165666289,-2.464307812,4.862847557,-5.129185457,0.824396747,6.703701389,0.919767903,0.393913876,1.990540155,1.113744057,6.598704361,3.202316509,0.687550583,-0.208437488,1.78339493,0.362601972,-2.309860027,
South Asia (IDA & IBRD),TSA,GDP growth (annual %),NY.GDP.MKTP.KD.ZG,4.112444812,4.359147021,3.72112041,7.176075457,7.54870582,7.612728685,7.618515009,7.139227502,3.29811413,6.949905545,7.366026514,5.071396594,5.381345796,6.008623704,6.847958826,7.251628145,7.776303356,6.501458643,6.334689132,3.924325624,-4.582701819,8.763614208,6.313203718,6.7785427
Sub-Saharan Africa (IDA & IBRD countries),TSS,GDP growth (annual %),NY.GDP.MKTP.KD.ZG,3.479487021,4.18276836,6.353970621,4.054609421,6.60172576,6.015470964,6.052930333,6.164554839,5.188983428,3.177528636,5.996089648,4.414784634,3.272032676,5.167021716,4.875982585,2.873233612,1.254811489,2.504098753,2.74788731,2.668540972,-2.01020207,4.326498682,3.662947127,2.799269454
Trinidad and Tobago,TTO,GDP growth (annual %),NY.GDP.MKTP.KD.ZG,6.901359591,4.168523982,7.936709687,14.44098954,7.950051511,6.20893788,13.20805861,4.754209701,3.391737078,-4.391729247,3.32322471,-0.294354409,7.446820893,3.531787373,3.853635483,-0.777459952,-7.527137422,-4.800828429,-0.602464842,0.361272406,-9.077876893,-1.03742621,1.48223484,1.347675182
Tunisia,TUN,GDP growth (annual %),NY.GDP.MKTP.KD.ZG,4.709972914,3.796271662,1.322557148,4.702399533,6.235790722,3.486545543,5.244099832,6.709520975,4.237781475,3.043450124,2.971132751,-2.046633895,4.216677115,2.429930964,3.090328031,0.967703108,1.117425949,2.23783868,2.624930109,1.587846655,-9.011934124,4.736320748,2.673318218,0.039156567
Turkiye,TUR,GDP growth (annual %),NY.GDP.MKTP.KD.ZG,6.933239705,-5.750006555,6.447722047,5.763206067,9.795936389,8.992304936,6.947988086,5.043507932,0.815024573,-4.823153953,8.427104323,11.20011058,4.788492711,8.485816997,4.939715161,6.084486904,3.323084208,7.501997489,3.013170393,0.818514527,1.85987304,11.43939569,5.533427875,5.111168185
Tuvalu,TUV,GDP growth (annual %),NY.GDP.MKTP.KD.ZG,-0.970489206,0,9.523809524,-4.347826087,-2.272727273,-4.651162791,2.43902439,7.142857143,6.666666667,-6.25,-2.222222222,6.818181818,-2.127659574,4.347826087,0,10.41666667,5.660377358,2.448392857,1.387283842,13.82209844,-4.274932069,1.804135911,0.677309361,3.852809195
Tanzania,TZA,GDP growth (annual %),NY.GDP.MKTP.KD.ZG,4.520784636,6.070808287,7.093194984,6.672789831,7.503814659,7.47631926,6.532221388,6.768535203,5.686416859,5.269105249,6.336523427,7.672155435,4.50015356,6.781585601,6.732461868,6.160628774,6.867116196,6.762277168,5.468081815,5.8,1.991964606,4.321384295,4.566005764,5.069523532
Uganda,UGA,GDP growth (annual %),NY.GDP.MKTP.KD.ZG,3.141907338,5.183661125,8.732685764,6.473258672,6.807233344,6.332565116,10.78474439,8.412425966,8.708751902,6.801517349,5.637611637,9.391655493,3.837455606,3.586905826,5.106307325,5.18785986,4.781000293,3.131405517,6.303923783,6.438745033,2.951306422,3.536580341,4.588021922,5.336972955
Ukraine,UKR,GDP growth (annual %),NY.GDP.MKTP.KD.ZG,5.9,8.800000004,5.339647207,9.516609864,11.79535253,3.071230392,7.571420763,8.215844452,2.243491596,-15.13646791,4.092004367,5.44528081,0.152314967,0.045439094,-10.07889499,-9.772987211,2.440981945,2.359972281,3.488362342,3.199503862,-3.752817939,3.445620657,-28.75858421,5.324335374
Upper middle income,UMC,GDP growth (annual %),NY.GDP.MKTP.KD.ZG,5.955398179,3.420533253,4.78880998,5.869909865,7.848660973,7.500188059,8.595191773,9.412321095,6.263183748,3.466420637,8.525435212,6.935129297,5.760091543,5.628666866,4.952111133,4.526198229,4.577100143,5.354904118,4.903919013,4.067171623,-0.499909451,7.607927072,3.311556004,4.413292905
Uruguay,URY,GDP growth (annual %),NY.GDP.MKTP.KD.ZG,-1.929930635,-3.844129959,-7.732007215,0.805283916,5.004160356,7.46013213,4.098577354,6.541510845,7.176144665,4.243494195,7.803409651,5.162133025,3.538178721,4.637538629,3.23879123,0.370741258,1.689798165,1.740376487,0.16477766,0.928351033,-7.380141845,5.561892793,4.707257615,0.367475176
United States,USA,GDP growth (annual %),NY.GDP.MKTP.KD.ZG,4.077585758,0.955538346,1.700447324,2.795605966,3.847771692,3.483549938,2.784539639,2.003858298,0.113587248,-2.576500234,2.695192584,1.564406854,2.289113388,2.117830099,2.523819814,2.945550455,1.819451475,2.457622303,2.966505069,2.58382533,-2.163029139,6.055052933,2.51237532,2.887556009
Uzbekistan,UZB,GDP growth (annual %),NY.GDP.MKTP.KD.ZG,3.835,4.16383825,3.973488192,4.232627382,7.449000606,6.950007196,7.451418476,9.473005305,9.029161018,8.050933327,7.597167961,7.525139894,7.102444887,7.29655037,6.873838441,7.218773508,5.9321508,4.395274633,5.559195729,6.779923997,1.563342773,8.034683126,6.001342322,6.291416351
St. Vincent and the Grenadines,VCT,GDP growth (annual %),NY.GDP.MKTP.KD.ZG,1.639031904,1.74823102,5.342127074,6.691336654,4.114698804,2.488557339,6.996926268,3.322968598,0.404640809,-1.378193606,-4.470467935,-0.606276651,1.169112184,2.462484172,1.250254369,2.783161194,4.145931682,1.448830634,3.175611442,0.661727444,-3.739145992,0.75379708,7.159832866,6.016109145
"Venezuela, RB",VEN,GDP growth (annual %),NY.GDP.MKTP.KD.ZG,3.686944167,3.394236108,-8.855647353,-7.75530005,18.28660669,10.3179138,9.872149109,8.753578808,5.277854124,-3.202302657,-1.488791251,4.176425359,5.625956975,1.343094036,-3.894386475,,,,,,,,,
British Virgin Islands,VGB,GDP growth (annual %),NY.GDP.MKTP.KD.ZG,,,,,,,,,,,,,,,,,,,,,,,,
Virgin Islands (U.S.),VIR,GDP growth (annual %),NY.GDP.MKTP.KD.ZG,,,,-0.396080884,3.285893679,3.485309017,3.504993147,4.010594022,1.218624955,-6.594788859,0.596383224,-8.204245554,-14.8125,-6.285155295,-1.774530271,-0.425079702,1.600853789,-0.735294118,1.878306878,2.908335497,-1.614938178,3.667607079,-1.311232063,
Viet Nam,VNM,GDP growth (annual %),NY.GDP.MKTP.KD.ZG,6.787316405,6.192893312,6.320820992,6.899063491,7.536410609,7.547247729,6.977954811,7.129504486,5.661771209,5.39789754,6.423244822,6.413168897,5.504544704,5.55351081,6.422243121,6.987154306,6.690008927,6.940190374,7.465006856,7.359262701,2.865413209,2.553728526,8.123514468,5.046430736
Vanuatu,VUT,GDP growth (annual %),NY.GDP.MKTP.KD.ZG,5.924809057,-3.397582489,-5.198318759,4.288335117,3.987392802,5.305326473,8.460697472,2.875892288,5.600991821,3.037303541,1.258867203,3.1398029,1.010047687,0.463390415,3.136867294,0.366522075,4.688756366,6.317305384,2.900230273,3.241187655,-4.992491429,-1.552294891,1.916057012,2.212941771
World,WLD,GDP growth (annual %),NY.GDP.MKTP.KD.ZG,4.532918069,2.033624849,2.316450343,3.093668903,4.473969701,4.020487468,4.460592897,4.37319734,2.05615281,-1.342370013,4.517430468,3.336286194,2.691960853,2.872839,3.131475566,3.128786892,2.813735974,3.451446123,3.282196997,2.675966292,-2.878323196,6.350089576,3.238021262,2.833508703
Samoa,WSM,GDP growth (annual %),NY.GDP.MKTP.KD.ZG,5.093044692,7.390129062,5.651959199,5.212628926,3.087260238,6.639203613,2.132127147,0.48598255,3.556104674,-0.541677602,6.124719923,3.849077947,-3.732130209,0.107293276,0.659923769,3.850361817,7.983862878,1.4062824,-0.609647103,4.451858917,-3.108444011,-7.078830943,-5.3062909,8.584091218
Kosovo,XKX,GDP growth (annual %),NY.GDP.MKTP.KD.ZG,,,,,,,,,,5.034854138,4.93995096,6.319810229,1.712195959,5.340799119,3.348804784,5.916231283,5.571775047,4.825655653,3.406632271,4.75680057,-5.340275478,10.74565608,4.278498958,4.067627014
"Yemen, Rep.",YEM,GDP growth (annual %),NY.GDP.MKTP.KD.ZG,6.181915593,3.803645872,3.935231505,3.747398185,3.972696401,5.591748076,3.170409359,3.338427956,3.64756947,3.866229516,7.70230704,-12.7148969,2.392990209,4.823519067,-0.188690232,-27.99454625,-9.375123818,-5.071795639,0.752447588,,,,,
South Africa,ZAF,GDP growth (annual %),NY.GDP.MKTP.KD.ZG,4.200000001,2.7,3.700374404,2.949075468,4.554559907,5.277051973,5.603806459,5.360474054,3.191043886,-1.538089135,3.039732881,3.168556279,2.396232385,2.485468008,1.413826452,1.321862237,0.664552308,1.157946952,1.556783847,0.259935577,-6.168917715,4.955032594,1.91147996,0.698485195
Zambia,ZMB,GDP growth (annual %),NY.GDP.MKTP.KD.ZG,3.897322943,5.316868274,4.50601428,6.944973982,7.032395115,7.235599007,7.903694445,8.352436244,7.773895815,9.220348406,10.29822332,5.569252193,7.597381049,5.05753695,4.693283164,2.920375112,3.755100317,3.525862771,4.034493897,1.441306026,-2.785055065,6.234922047,5.211223604,5.367942855
Zimbabwe,ZWE,GDP growth (annual %),NY.GDP.MKTP.KD.ZG,-3.059189749,1.439615396,-8.894023631,-16.99507473,-5.807538023,-5.711083707,-3.461495188,-3.653326835,-17.66894633,12.01955997,21.45206092,14.62020726,15.74487708,3.196730887,1.484542622,2.023649996,0.900955396,4.080263903,5.009866783,-6.332446407,-7.816950647,8.468016898,6.139263265,5.336730495
